file,top_codes,top_counts
TCGA-A1-A0SP-DX1_xmin6798_ymin53719_MPP-0.2500+41[0010].png,958,8013,3501,2226,6226,8101,5428,3088,1842,6795,7,7,6,6,6,6,6,5,5,5
TCGA-A1-A0SP-DX1_xmin6798_ymin53719_MPP-0.2500+55[0010].png,6045,4322,5912,7249,958,3889,5937,3230,5741,3298,7,6,6,5,5,5,5,4,4,4
TCGA-A1-A0SP-DX1_xmin6798_ymin53719_MPP-0.2500+69[0010].png,2226,958,7804,2308,5207,1235,3836,6226,3526,7808,10,8,8,6,6,5,5,5,5,5
TCGA-A1-A0SP-DX1_xmin6798_ymin53719_MPP-0.2500+83[0010].png,958,2308,582,4259,1966,8013,3526,6475,2686,7134,7,7,6,6,5,5,5,5,4,4
TCGA-A1-A0SP-DX1_xmin6798_ymin53719_MPP-0.2500+97[0010].png,958,3296,3889,4322,4311,1476,3127,4410,2557,7804,8,7,7,6,6,5,5,4,4,4
TCGA-A2-A04P-DX1_xmin104246_ymin48517_MPP-0.2500+99[0010].png,3088,3526,2308,5780,5419,6795,6306,1682,7134,6446,9,8,8,7,5,5,5,5,5,4
TCGA-A2-A04Q-DX1_xmin20868_ymin17804_MPP-0.2500+35[0010].png,7134,3889,4199,3526,6226,1460,7357,4143,3209,5235,6,6,6,5,5,4,4,4,4,4
TCGA-A2-A04Q-DX1_xmin20868_ymin17804_MPP-0.2500+36[0010].png,8013,2967,6795,3442,7164,693,6226,2308,5610,7189,5,5,5,4,4,4,4,4,4,4
TCGA-A2-A04Q-DX1_xmin20868_ymin17804_MPP-0.2500+38[0010].png,8148,5937,7694,3889,1682,7899,1569,3296,8013,4311,7,6,5,5,5,5,5,5,4,4
TCGA-A2-A04Q-DX1_xmin20868_ymin17804_MPP-0.2500+45[0010].png,3889,6321,2766,4436,3088,7804,4100,3044,3298,3869,10,8,6,6,5,5,5,5,5,4
TCGA-A2-A0D0-DX1_xmin68482_ymin39071_MPP-0.2500+116[0010].png,4501,582,2249,5947,1682,7948,2226,215,7160,3466,5,5,5,5,5,4,4,4,4,4
TCGA-A2-A0D0-DX1_xmin68482_ymin39071_MPP-0.2500+119[0010].png,8013,1813,7091,7149,1476,7708,6121,7804,3127,840,7,5,5,5,5,4,4,4,4,4
TCGA-A2-A0D0-DX1_xmin68482_ymin39071_MPP-0.2500+120[0010].png,3209,1652,2226,3296,7249,8165,603,5999,4905,5912,6,5,5,4,4,4,4,4,4,4
TCGA-A2-A0D0-DX1_xmin68482_ymin39071_MPP-0.2500+121[0010].png,6045,7804,352,2841,7808,2028,5038,6795,2812,5133,6,5,5,5,5,5,4,4,4,4
TCGA-A2-A0D0-DX1_xmin68482_ymin39071_MPP-0.2500+122[0010].png,6795,8013,7165,5843,6219,6571,4168,781,131,3079,6,5,5,5,4,4,4,4,4,4
TCGA-A2-A0D0-DX1_xmin68482_ymin39071_MPP-0.2500+142[0010].png,6795,1476,8185,958,7091,4143,5996,4436,2531,1235,9,6,6,6,6,5,5,5,5,5
TCGA-A2-A0D0-DX1_xmin68482_ymin39071_MPP-0.2500+144[0010].png,6869,4781,5027,6795,3526,3298,3127,781,1652,6995,6,6,5,5,5,4,4,4,4,4
TCGA-A2-A0D0-DX1_xmin68482_ymin39071_MPP-0.2500+146[0010].png,7337,2226,7647,5038,2249,5937,1911,5862,8073,1569,7,7,5,5,5,5,5,5,4,4
TCGA-A2-A0D0-DX1_xmin68482_ymin39071_MPP-0.2500+147[0010].png,2666,1476,6321,5038,7835,4322,6869,390,7189,7916,6,6,6,6,5,5,5,5,5,4
TCGA-A2-A0D0-DX1_xmin68482_ymin39071_MPP-0.2500+148[0010].png,7835,5038,7694,7807,7134,1480,215,2757,2776,5912,6,5,5,5,5,5,4,4,4,4
TCGA-A2-A0D0-DX1_xmin68482_ymin39071_MPP-0.2500+149[0010].png,4817,215,6795,2686,825,390,5610,3026,7249,1235,6,6,6,5,5,5,4,4,4,4
TCGA-A2-A0D0-DX1_xmin68482_ymin39071_MPP-0.2500+150[0010].png,1652,4376,7249,840,1413,5561,2226,6194,4436,3801,8,6,5,5,5,4,4,4,4,4
TCGA-A2-A0D0-DX1_xmin68482_ymin39071_MPP-0.2500+169[0010].png,1813,7835,7808,7804,3044,1476,6045,390,4311,5038,6,6,6,6,6,6,6,5,5,5
TCGA-A2-A0D0-DX1_xmin68482_ymin39071_MPP-0.2500+170[0010].png,7835,1476,7189,4711,958,3487,4436,3088,4781,778,11,8,7,6,5,5,5,5,5,4
TCGA-A2-A0D0-DX1_xmin68482_ymin39071_MPP-0.2500+175[0010].png,6045,390,7835,3000,725,8148,5741,3855,5454,578,6,5,5,5,4,4,4,4,4,4
TCGA-A2-A0D0-DX1_xmin68482_ymin39071_MPP-0.2500+176[0010].png,8013,390,237,5843,5999,5038,2531,4311,1569,1992,6,6,5,5,5,5,4,4,4,4
TCGA-A2-A0D0-DX1_xmin68482_ymin39071_MPP-0.2500+177[0010].png,1813,5023,8013,5741,6045,5428,1767,5912,6054,7119,6,6,6,6,5,5,5,5,5,4
TCGA-A2-A0D0-DX1_xmin68482_ymin39071_MPP-0.2500+178[0010].png,7835,390,7119,6321,3487,6054,4043,7165,3296,836,9,7,5,5,5,5,5,4,4,4
TCGA-A2-A0D0-DX1_xmin68482_ymin39071_MPP-0.2500+196[0010].png,3477,3088,4711,4436,4859,2602,1977,1813,7337,2140,5,5,5,5,4,4,4,4,4,4
TCGA-A2-A0D0-DX1_xmin68482_ymin39071_MPP-0.2500+197[0010].png,1992,8081,4168,1813,1652,389,6088,4311,3536,4376,5,5,5,5,5,4,4,4,4,4
TCGA-A2-A0D0-DX1_xmin68482_ymin39071_MPP-0.2500+198[0010].png,1813,1652,7249,3296,3477,7807,3708,8013,840,808,7,5,5,5,5,4,4,4,4,4
TCGA-A2-A0D0-DX1_xmin68482_ymin39071_MPP-0.2500+199[0010].png,7835,3030,390,2226,5912,7119,5235,8013,6045,5741,11,6,6,5,5,5,5,5,5,5
TCGA-A2-A0D0-DX1_xmin68482_ymin39071_MPP-0.2500+201[0010].png,6045,4322,144,145,2780,5996,3477,7647,2666,6054,6,5,5,5,5,5,5,4,4,4
TCGA-A2-A0D0-DX1_xmin68482_ymin39071_MPP-0.2500+202[0010].png,5862,7835,958,215,8013,2226,4602,2127,8188,1204,7,7,5,5,5,4,4,4,4,4
TCGA-A2-A0D0-DX1_xmin68482_ymin39071_MPP-0.2500+203[0010].png,7835,2226,781,6979,331,2031,1373,4725,4602,8013,6,5,5,4,4,4,4,4,4,4
TCGA-A2-A0D0-DX1_xmin68482_ymin39071_MPP-0.2500+204[0010].png,3296,4436,4322,6931,3030,7165,2666,6452,1842,6795,5,5,5,5,5,5,5,4,4,4
TCGA-A2-A0D0-DX1_xmin68482_ymin39071_MPP-0.2500+205[0010].png,2226,1813,8013,1905,935,7249,7189,3619,2308,3088,7,6,5,5,4,4,4,4,4,4
TCGA-A2-A0D0-DX1_xmin68482_ymin39071_MPP-0.2500+206[0010].png,7808,4501,1652,7165,6032,2308,215,958,5027,3365,6,5,5,5,5,4,4,4,4,4
TCGA-A2-A0D0-DX1_xmin68482_ymin39071_MPP-0.2500+221[0010].png,7089,2588,2292,3452,5383,5999,6045,7091,4261,915,5,4,4,4,4,4,4,4,4,4
TCGA-A2-A0D0-DX1_xmin68482_ymin39071_MPP-0.2500+222[0010].png,5133,5780,4911,1460,7134,6512,7695,4168,4781,4674,5,5,4,4,4,4,4,4,4,4
TCGA-A2-A0D0-DX1_xmin68482_ymin39071_MPP-0.2500+227[0010].png,6045,5038,5741,1813,3088,8013,1652,215,2757,2226,6,6,5,5,5,5,5,5,5,5
TCGA-A2-A0D0-DX1_xmin68482_ymin39071_MPP-0.2500+228[0010].png,390,8013,7835,7807,7804,1811,1652,7249,516,1235,7,6,6,5,5,5,5,5,5,5
TCGA-A2-A0D0-DX1_xmin68482_ymin39071_MPP-0.2500+229[0010].png,7835,390,4322,6795,5207,781,4524,1235,912,1767,9,6,6,6,5,5,5,5,5,5
TCGA-A2-A0D0-DX1_xmin68482_ymin39071_MPP-0.2500+230[0010].png,935,6121,6321,4351,1476,7164,578,1373,2226,2180,5,5,4,4,4,4,4,4,4,4
TCGA-A2-A0D0-DX1_xmin68482_ymin39071_MPP-0.2500+231[0010].png,2226,2083,1813,7835,5996,5843,1992,7149,1696,2405,6,6,6,5,5,5,5,4,4,4
TCGA-A2-A0D0-DX1_xmin68482_ymin39071_MPP-0.2500+232[0010].png,5741,215,7647,390,3619,1857,3526,958,1767,4965,6,6,5,5,5,4,4,4,4,4
TCGA-A2-A0D0-DX1_xmin68482_ymin39071_MPP-0.2500+233[0010].png,7835,7808,3088,6321,958,5428,4100,1235,5912,7189,8,5,5,5,5,5,4,4,4,4
TCGA-A2-A0D0-DX1_xmin68482_ymin39071_MPP-0.2500+234[0010].png,7835,778,3346,836,7134,3044,8188,516,6869,215,6,5,5,4,4,4,4,4,4,4
TCGA-A2-A0D0-DX1_xmin68482_ymin39071_MPP-0.2500+238[0010].png,3026,8013,1652,4501,5065,5912,1992,1476,7119,778,5,5,5,4,4,4,4,4,4,4
TCGA-A2-A0D0-DX1_xmin68482_ymin39071_MPP-0.2500+242[0010].png,2903,1813,4817,7249,3088,215,8013,4990,1842,7337,7,7,6,5,4,4,4,4,4,4
TCGA-A2-A0D0-DX1_xmin68482_ymin39071_MPP-0.2500+250[0010].png,7134,390,8081,267,6480,840,3487,1842,196,935,7,6,5,5,4,4,4,4,4,4
TCGA-A2-A0D0-DX1_xmin68482_ymin39071_MPP-0.2500+256[0010].png,7835,6321,1966,1652,1813,3619,7091,1235,4524,2226,8,5,5,5,5,5,5,5,4,4
TCGA-A2-A0D0-DX1_xmin68482_ymin39071_MPP-0.2500+257[0010].png,5561,2226,390,4376,215,4524,8013,6045,2308,4480,5,5,5,5,5,5,5,4,4,4
TCGA-A2-A0D0-DX1_xmin68482_ymin39071_MPP-0.2500+258[0010].png,390,1652,3296,215,4436,3044,7026,3079,4559,2602,5,5,5,5,5,5,5,4,4,4
TCGA-A2-A0D0-DX1_xmin68482_ymin39071_MPP-0.2500+259[0010].png,2226,1652,3296,215,6219,7804,6045,7357,6393,2278,8,6,5,5,5,4,4,4,4,4
TCGA-A2-A0D0-DX1_xmin68482_ymin39071_MPP-0.2500+260[0010].png,2226,4524,8013,6321,3088,1476,3230,808,6263,7360,8,7,5,5,5,5,5,5,4,4
TCGA-A2-A0D0-DX1_xmin68482_ymin39071_MPP-0.2500+261[0010].png,7835,215,1235,7091,3619,4833,2028,2083,4817,2903,6,5,5,5,5,4,4,4,4,4
TCGA-A2-A0D0-DX1_xmin68482_ymin39071_MPP-0.2500+262[0010].png,4250,1476,516,5179,319,3296,3021,7808,4247,781,5,5,5,5,4,4,4,4,4,4
TCGA-A2-A0D0-DX1_xmin68482_ymin39071_MPP-0.2500+266[0010].png,1652,215,5910,5603,516,186,7005,1389,7089,2083,5,5,4,4,4,4,4,4,4,4
TCGA-A2-A0D0-DX1_xmin68482_ymin39071_MPP-0.2500+26[0010].png,3144,5780,267,1682,958,3526,4711,6321,7695,3126,6,5,5,5,5,4,4,4,4,4
TCGA-A2-A0D0-DX1_xmin68482_ymin39071_MPP-0.2500+270[0010].png,1613,1682,2278,4711,5203,3478,5357,1813,4143,6720,6,5,5,4,4,4,4,4,3,3
TCGA-A2-A0D0-DX1_xmin68482_ymin39071_MPP-0.2500+27[0010].png,215,8110,3088,958,7835,4322,879,735,6931,2359,5,5,5,5,5,5,4,4,4,4
TCGA-A2-A0D0-DX1_xmin68482_ymin39071_MPP-0.2500+285[0010].png,7835,6045,958,1813,4215,7743,3477,4250,7555,5039,8,7,5,5,4,4,4,4,4,4
TCGA-A2-A0D0-DX1_xmin68482_ymin39071_MPP-0.2500+286[0010].png,5018,390,5810,2602,2292,7804,5741,5862,1911,5973,8,6,6,5,5,5,5,5,5,5
TCGA-A2-A0D0-DX1_xmin68482_ymin39071_MPP-0.2500+287[0010].png,5038,3889,7249,5741,4480,7835,6045,5862,3127,7804,8,6,6,6,5,5,5,5,5,5
TCGA-A2-A0D0-DX1_xmin68482_ymin39071_MPP-0.2500+288[0010].png,2157,5810,2903,4775,5428,390,7249,7360,1905,693,6,5,5,5,5,5,4,4,4,4
TCGA-A2-A0D0-DX1_xmin68482_ymin39071_MPP-0.2500+289[0010].png,1652,3708,6480,5912,3619,3088,215,958,2686,4524,7,5,5,5,5,5,5,5,4,4
TCGA-A2-A0D0-DX1_xmin68482_ymin39071_MPP-0.2500+28[0010].png,215,7835,3637,781,5047,2903,2531,8140,1297,2666,8,6,5,5,5,4,4,4,4,4
TCGA-A2-A0D0-DX1_xmin68482_ymin39071_MPP-0.2500+290[0010].png,8013,7835,4436,1992,3230,1813,335,371,5561,6191,6,6,5,5,5,5,4,4,4,4
TCGA-A2-A0D0-DX1_xmin68482_ymin39071_MPP-0.2500+291[0010].png,4143,2194,7249,1476,8013,3024,1203,2226,5151,516,7,6,5,5,5,4,4,4,4,4
TCGA-A2-A0D0-DX1_xmin68482_ymin39071_MPP-0.2500+292[0010].png,3526,4711,5937,6809,516,5419,1842,2106,6571,389,6,6,6,5,4,4,4,4,4,4
TCGA-A2-A0D0-DX1_xmin68482_ymin39071_MPP-0.2500+293[0010].png,2967,6157,2766,2226,1652,7165,2990,2308,1813,2557,5,5,5,5,5,4,4,4,4,4
TCGA-A2-A0D0-DX1_xmin68482_ymin39071_MPP-0.2500+296[0010].png,1813,1373,3349,7647,6702,144,5603,1992,958,7165,7,5,4,4,4,4,4,4,4,4
TCGA-A2-A0D0-DX1_xmin68482_ymin39071_MPP-0.2500+298[0010].png,1476,4911,2308,6054,912,7165,3088,1042,3889,3836,9,5,5,4,4,4,4,4,4,4
TCGA-A2-A0D0-DX1_xmin68482_ymin39071_MPP-0.2500+307[0010].png,1652,3088,2308,3487,1813,5498,5741,6795,4430,3526,9,7,5,4,4,4,4,4,4,4
TCGA-A2-A0D0-DX1_xmin68482_ymin39071_MPP-0.2500+314[0010].png,1813,958,6321,8140,5862,582,2531,7899,2903,3030,7,7,7,5,5,4,4,4,4,4
TCGA-A2-A0D0-DX1_xmin68482_ymin39071_MPP-0.2500+315[0010].png,7835,2226,371,215,7392,3230,6054,7808,6795,7853,10,6,6,5,5,5,4,4,4,4
TCGA-A2-A0D0-DX1_xmin68482_ymin39071_MPP-0.2500+316[0010].png,2990,7175,7189,5763,7835,2531,3619,7223,7808,2870,6,6,5,5,5,5,4,4,4,4
TCGA-A2-A0D0-DX1_xmin68482_ymin39071_MPP-0.2500+318[0010].png,1813,5047,7589,1911,215,1311,6157,817,1652,1992,9,6,6,5,5,5,4,4,4,4
TCGA-A2-A0D0-DX1_xmin68482_ymin39071_MPP-0.2500+319[0010].png,1652,2531,215,7819,5099,1813,1476,2194,2226,4965,6,6,6,6,5,5,5,4,4,4
TCGA-A2-A0D0-DX1_xmin68482_ymin39071_MPP-0.2500+320[0010].png,1813,215,2226,5842,7189,5428,3296,6809,319,7327,8,6,6,5,5,5,4,4,4,4
TCGA-A2-A0D0-DX1_xmin68482_ymin39071_MPP-0.2500+321[0010].png,1813,6702,6321,781,5717,7501,332,2083,7604,3708,8,6,5,5,4,4,4,4,4,4
TCGA-A2-A0D0-DX1_xmin68482_ymin39071_MPP-0.2500+322[0010].png,2967,1813,390,840,5937,3044,6652,958,2686,215,6,6,5,4,4,4,4,4,4,4
TCGA-A2-A0D0-DX1_xmin68482_ymin39071_MPP-0.2500+325[0010].png,2028,5047,1842,4711,7249,2990,2609,1862,7470,3526,6,5,5,5,4,4,4,4,4,4
TCGA-A2-A0D0-DX1_xmin68482_ymin39071_MPP-0.2500+326[0010].png,6931,1476,7134,3619,3000,840,3088,6657,2870,1813,6,5,5,4,4,4,4,4,4,4
TCGA-A2-A0D0-DX1_xmin68482_ymin39071_MPP-0.2500+327[0010].png,1652,5799,3477,8082,2870,3619,6221,4625,3836,1682,5,5,5,5,4,4,4,4,4,4
TCGA-A2-A0D0-DX1_xmin68482_ymin39071_MPP-0.2500+335[0010].png,6045,6795,2180,3088,4100,5762,6227,2226,2766,3030,5,5,5,5,5,4,4,4,4,4
TCGA-A2-A0D0-DX1_xmin68482_ymin39071_MPP-0.2500+343[0010].png,2226,215,725,390,7869,5428,958,1373,5097,44,6,6,5,5,5,5,5,5,4,4
TCGA-A2-A0D0-DX1_xmin68482_ymin39071_MPP-0.2500+344[0010].png,8013,2226,4492,958,215,3889,6054,7647,1813,4693,7,5,5,5,5,4,4,4,4,4
TCGA-A2-A0D0-DX1_xmin68482_ymin39071_MPP-0.2500+345[0010].png,1652,958,144,8013,6869,516,4322,1992,7357,6931,7,6,5,5,5,4,4,4,4,4
TCGA-A2-A0D0-DX1_xmin68482_ymin39071_MPP-0.2500+346[0010].png,7189,2903,958,1652,4100,4711,6999,582,6045,4168,6,5,5,5,5,4,4,4,4,4
TCGA-A2-A0D0-DX1_xmin68482_ymin39071_MPP-0.2500+347[0010].png,1813,1652,216,7442,5433,1682,2356,4322,5937,1569,7,6,5,5,5,4,4,4,4,4
TCGA-A2-A0D0-DX1_xmin68482_ymin39071_MPP-0.2500+348[0010].png,1652,131,5023,5937,371,3296,5433,4436,2226,1476,6,5,5,5,5,5,5,5,5,5
TCGA-A2-A0D0-DX1_xmin68482_ymin39071_MPP-0.2500+349[0010].png,1813,3889,4322,1297,7808,5023,2990,1384,2308,34,8,6,6,5,5,5,5,4,4,4
TCGA-A2-A0D0-DX1_xmin68482_ymin39071_MPP-0.2500+350[0010].png,1652,3296,1869,7808,3088,958,131,331,582,2411,8,6,6,6,5,5,5,4,4,4
TCGA-A2-A0D0-DX1_xmin68482_ymin39071_MPP-0.2500+351[0010].png,1813,2666,6657,7733,2349,1848,2756,3088,390,6702,5,5,5,4,4,4,4,4,4,4
TCGA-A2-A0D0-DX1_xmin68482_ymin39071_MPP-0.2500+352[0010].png,2226,4501,6045,7835,6428,1654,5741,215,5834,7160,6,6,5,5,4,4,4,4,4,4
TCGA-A2-A0D0-DX1_xmin68482_ymin39071_MPP-0.2500+364[0010].png,7134,7835,5392,7627,3088,2531,2990,7501,2766,7916,8,5,5,5,4,4,4,4,4,4
TCGA-A2-A0D0-DX1_xmin68482_ymin39071_MPP-0.2500+374[0010].png,1476,1235,3209,4725,7948,3296,1297,3477,4911,3905,6,5,5,4,4,4,4,4,4,4
TCGA-A2-A0D0-DX1_xmin68482_ymin39071_MPP-0.2500+375[0010].png,2226,215,7249,7808,5392,7835,3088,8013,8081,958,8,6,6,5,5,5,5,5,4,4
TCGA-A2-A0D0-DX1_xmin68482_ymin39071_MPP-0.2500+376[0010].png,237,7119,958,1992,7134,3030,3088,2686,4492,6645,6,6,6,5,5,5,5,5,5,4
TCGA-A2-A0D0-DX1_xmin68482_ymin39071_MPP-0.2500+377[0010].png,1476,131,2226,1515,1682,4377,2531,215,8003,722,5,5,5,5,4,4,4,4,4,4
TCGA-A2-A0D0-DX1_xmin68482_ymin39071_MPP-0.2500+378[0010].png,958,215,722,7249,267,601,6869,4322,8013,5937,6,6,5,5,5,5,4,4,4,4
TCGA-A2-A0D0-DX1_xmin68482_ymin39071_MPP-0.2500+392[0010].png,840,390,215,1813,2308,7694,6795,7501,6869,7134,6,6,5,5,5,5,5,4,4,4
TCGA-A2-A0D0-DX1_xmin68482_ymin39071_MPP-0.2500+393[0010].png,3021,7392,2308,215,7807,3477,5047,4711,2226,5023,5,5,5,5,4,4,4,4,4,4
TCGA-A2-A0D0-DX1_xmin68482_ymin39071_MPP-0.2500+401[0010].png,6795,7091,4430,5166,3487,1373,1418,958,836,7189,7,5,4,4,4,4,4,4,4,4
TCGA-A2-A0D0-DX1_xmin68482_ymin39071_MPP-0.2500+402[0010].png,4501,5428,6045,2308,3836,1652,2226,3088,6032,5097,6,6,5,5,5,4,4,4,4,4
TCGA-A2-A0D0-DX1_xmin68482_ymin39071_MPP-0.2500+403[0010].png,5039,335,1992,6702,1373,3247,1696,1297,1476,1413,7,5,5,5,4,4,4,4,4,4
TCGA-A2-A0D0-DX1_xmin68482_ymin39071_MPP-0.2500+404[0010].png,2226,1652,2903,4247,6869,8081,7835,7360,7694,1571,6,5,5,5,5,5,5,4,4,4
TCGA-A2-A0D0-DX1_xmin68482_ymin39071_MPP-0.2500+407[0010].png,3858,7698,371,3438,7694,6905,4486,3619,7835,1297,5,4,4,4,4,4,4,4,4,4
TCGA-A2-A0D0-DX1_xmin68482_ymin39071_MPP-0.2500+408[0010].png,145,5717,3088,7149,215,4199,6045,5603,5702,6306,6,5,5,5,5,5,4,4,4,4
TCGA-A2-A0D0-DX1_xmin68482_ymin39071_MPP-0.2500+417[0010].png,3526,1813,215,6795,2194,7835,2226,7880,4112,131,6,6,6,5,5,5,5,5,4,4
TCGA-A2-A0D0-DX1_xmin68482_ymin39071_MPP-0.2500+418[0010].png,3000,215,2308,44,2967,3088,8013,5912,7134,4322,7,6,6,6,6,5,5,5,5,5
TCGA-A2-A0D0-DX1_xmin68482_ymin39071_MPP-0.2500+419[0010].png,2308,1682,3597,6795,7134,3889,3836,5799,3189,4474,5,5,5,5,5,4,4,4,4,4
TCGA-A2-A0D0-DX1_xmin68482_ymin39071_MPP-0.2500+420[0010].png,5047,1652,2308,3088,7694,5735,131,3189,6655,6869,6,6,6,6,5,5,4,4,4,4
TCGA-A2-A0D0-DX1_xmin68482_ymin39071_MPP-0.2500+434[0010].png,5799,1652,390,7540,1297,1813,2278,7189,7807,2990,6,6,5,4,4,4,4,4,4,4
TCGA-A2-A0D0-DX1_xmin68482_ymin39071_MPP-0.2500+446[0010].png,2308,3477,5686,5555,3026,2602,1425,3619,237,2194,6,5,4,4,4,4,4,4,4,3
TCGA-A2-A0D0-DX1_xmin68482_ymin39071_MPP-0.2500+447[0010].png,131,1652,3088,215,8101,6192,3026,3477,2226,3296,6,6,5,5,4,4,4,4,4,4
TCGA-A2-A0D0-DX1_xmin68482_ymin39071_MPP-0.2500+457[0010].png,3088,2666,5357,215,7695,2870,4711,1911,322,2226,8,6,5,5,4,4,4,4,4,4
TCGA-A2-A0D0-DX1_xmin68482_ymin39071_MPP-0.2500+461[0010].png,215,3000,1652,1869,7880,840,6571,162,6652,6388,6,5,5,5,4,4,4,4,4,4
TCGA-A2-A0D0-DX1_xmin68482_ymin39071_MPP-0.2500+475[0010].png,3209,3088,2336,3619,8148,7089,6045,4524,3452,4606,9,6,5,5,5,5,4,4,4,4
TCGA-A2-A0D0-DX1_xmin68482_ymin39071_MPP-0.2500+476[0010].png,3230,6121,4725,2226,7134,1652,1775,5428,8144,5780,6,5,5,5,5,5,4,4,4,4
TCGA-A2-A0D0-DX1_xmin68482_ymin39071_MPP-0.2500+481[0010].png,4072,131,5912,6795,1813,5098,7189,3823,237,1842,5,5,5,5,5,5,4,4,4,4
TCGA-A2-A0D0-DX1_xmin68482_ymin39071_MPP-0.2500+486[0010].png,7694,2336,131,5999,4947,3469,1297,6724,3438,3619,7,6,6,5,4,4,4,4,4,4
TCGA-A2-A0D0-DX1_xmin68482_ymin39071_MPP-0.2500+489[0010].png,3000,390,256,2249,2028,331,5717,3626,2226,7853,5,5,4,4,4,4,4,4,4,4
TCGA-A2-A0D0-DX1_xmin68482_ymin39071_MPP-0.2500+505[0010].png,3469,7222,4968,4250,1652,725,7165,126,215,2493,5,5,4,4,4,4,4,4,4,4
TCGA-A2-A0D0-DX1_xmin68482_ymin39071_MPP-0.2500+508[0010].png,215,3088,2226,3247,2278,1418,3526,5428,7337,3619,6,5,5,4,4,4,4,4,4,4
TCGA-A2-A0D0-DX1_xmin68482_ymin39071_MPP-0.2500+509[0010].png,7091,5810,836,958,6869,237,2226,215,3209,2686,6,5,5,4,4,4,4,4,4,4
TCGA-A2-A0D0-DX1_xmin68482_ymin39071_MPP-0.2500+510[0010].png,1476,4436,1297,6869,1652,6045,4311,5937,5741,7175,6,6,5,5,5,5,5,4,4,4
TCGA-A2-A0D0-DX1_xmin68482_ymin39071_MPP-0.2500+530[0010].png,7835,1652,1476,2226,7442,7694,3526,7957,4755,7708,5,5,5,5,4,4,4,4,4,4
TCGA-A2-A0D0-DX1_xmin68482_ymin39071_MPP-0.2500+531[0010].png,3088,7957,7400,2265,5842,390,4501,4965,5912,4911,6,5,5,4,4,4,4,4,4,4
TCGA-A2-A0D0-DX1_xmin68482_ymin39071_MPP-0.2500+537[0010].png,1297,237,4430,7853,7175,6173,1682,1586,1569,7694,7,5,5,5,4,4,4,4,4,4
TCGA-A2-A0D0-DX1_xmin68482_ymin39071_MPP-0.2500+538[0010].png,7189,1652,3088,7175,3619,7695,2226,582,4711,2870,6,5,5,5,4,4,4,4,4,4
TCGA-A2-A0D0-DX1_xmin68482_ymin39071_MPP-0.2500+564[0010].png,1235,7165,2226,7450,2336,4781,5166,2540,5392,4322,7,5,5,5,5,4,4,4,4,4
TCGA-A2-A0D0-DX1_xmin68482_ymin39071_MPP-0.2500+565[0010].png,1842,4425,6045,3144,6931,2967,1297,7091,6702,4322,6,5,5,5,5,5,5,4,4,4
TCGA-A2-A0D0-DX1_xmin68482_ymin39071_MPP-0.2500+566[0010].png,3088,6054,5433,1813,4436,5392,7647,7501,1189,4492,6,5,5,4,4,4,4,4,4,4
TCGA-A2-A0D0-DX1_xmin68482_ymin39071_MPP-0.2500+567[0010].png,4100,4160,2308,7649,1652,1373,1992,5999,3477,6724,5,5,5,5,5,4,4,4,4,4
TCGA-A2-A0D0-DX1_xmin68482_ymin39071_MPP-0.2500+568[0010].png,1652,3469,7880,5843,2226,6724,215,1682,3088,5203,6,5,4,4,4,4,4,4,4,4
TCGA-A2-A0D0-DX1_xmin68482_ymin39071_MPP-0.2500+576[0010].png,4430,5780,3088,4434,1373,319,516,3637,7733,6652,7,5,5,4,4,4,4,4,4,4
TCGA-A2-A0D0-DX1_xmin68482_ymin39071_MPP-0.2500+593[0010].png,7694,3088,4436,5937,4711,5780,546,2226,6321,5203,7,6,5,5,5,4,4,4,4,4
TCGA-A2-A0D0-DX1_xmin68482_ymin39071_MPP-0.2500+60[0010].png,2226,2411,3804,6795,5018,4376,6869,1652,7835,6892,6,5,5,5,5,5,5,5,4,4
TCGA-A2-A0D0-DX1_xmin68482_ymin39071_MPP-0.2500+805[0010].png,6702,2308,1652,3088,2903,1682,4817,7224,1836,1631,6,6,6,6,6,5,4,4,4,4
TCGA-A2-A0D0-DX1_xmin68482_ymin39071_MPP-0.2500+806[0010].png,1842,4198,5392,5561,5106,6702,2635,3088,124,2308,6,5,4,4,4,4,4,4,4,4
TCGA-A2-A0D0-DX1_xmin68482_ymin39071_MPP-0.2500+834[0010].png,7808,6931,4559,1654,2226,6321,915,1842,7450,1897,6,5,5,4,4,4,4,4,4,4
TCGA-A2-A0D0-DX1_xmin68482_ymin39071_MPP-0.2500+88[0010].png,3889,2686,4198,6795,1298,1476,1652,2031,5937,5038,5,5,4,4,4,4,4,4,4,4
TCGA-A2-A0D0-DX1_xmin68482_ymin39071_MPP-0.2500+89[0010].png,215,3619,7249,7360,1311,3526,216,3209,5561,1655,5,5,5,4,4,4,4,4,4,4
TCGA-A2-A0D0-DX1_xmin68482_ymin39071_MPP-0.2500+91[0010].png,2308,1476,6321,1235,1413,3477,5799,389,7589,5018,6,6,5,5,5,4,4,4,4,4
TCGA-A2-A0ST-DX1_xmin109446_ymin18274_MPP-0.2500+106[0010].png,215,3044,2133,5419,2903,5937,7119,3836,6702,5038,6,5,4,4,4,4,4,4,4,4
TCGA-A2-A0ST-DX1_xmin109446_ymin18274_MPP-0.2500+10[0010].png,5038,5937,2308,7835,131,3030,4322,2635,8101,1218,6,6,5,5,5,5,5,4,4,4
TCGA-A2-A0ST-DX1_xmin109446_ymin18274_MPP-0.2500+11[0010].png,5038,7708,6121,7222,1813,215,2308,5419,6321,6048,8,4,4,4,4,4,4,4,4,4
TCGA-A2-A0ST-DX1_xmin109446_ymin18274_MPP-0.2500+12[0010].png,1652,3230,5419,4711,215,2685,6931,1235,825,2308,7,5,5,5,5,5,4,4,4,4
TCGA-A2-A0ST-DX1_xmin109446_ymin18274_MPP-0.2500+157[0010].png,7835,7091,215,7804,390,4436,6321,6452,2666,3889,8,5,5,5,5,4,4,4,4,4
TCGA-A2-A0ST-DX1_xmin109446_ymin18274_MPP-0.2500+271[0010].png,5912,2226,3000,2194,4112,5741,352,4817,7400,6801,5,4,4,4,4,4,4,4,4,4
TCGA-A2-A0ST-DX1_xmin109446_ymin18274_MPP-0.2500+28[0010].png,7835,5038,5018,3296,1571,825,1869,840,2226,4322,6,6,5,5,5,5,5,5,5,4
TCGA-A2-A0ST-DX1_xmin109446_ymin18274_MPP-0.2500+29[0010].png,7835,5419,4436,7694,4524,5741,4322,2226,781,371,7,5,5,5,4,4,4,4,4,4
TCGA-A2-A0ST-DX1_xmin109446_ymin18274_MPP-0.2500+308[0010].png,3044,5999,5038,7835,3296,6869,6157,7733,7595,5946,5,5,5,5,4,4,4,4,4,4
TCGA-A2-A0ST-DX1_xmin109446_ymin18274_MPP-0.2500+30[0010].png,2308,5419,3127,4322,6475,5912,2557,2226,8101,4436,6,5,5,4,4,4,4,4,4,4
TCGA-A2-A0ST-DX1_xmin109446_ymin18274_MPP-0.2500+327[0010].png,5996,7078,3088,7249,1992,4322,5018,5912,6321,4501,6,5,5,5,5,5,4,4,4,4
TCGA-A2-A0ST-DX1_xmin109446_ymin18274_MPP-0.2500+397[0010].png,6321,2308,390,7804,5419,5780,7880,4261,1967,6045,7,7,7,6,6,6,5,4,4,4
TCGA-A2-A0ST-DX1_xmin109446_ymin18274_MPP-0.2500+412[0010].png,3088,2602,215,7134,6045,4410,6795,3619,371,477,7,5,5,5,4,4,4,4,4,4
TCGA-A2-A0ST-DX1_xmin109446_ymin18274_MPP-0.2500+433[0010].png,8101,8013,3088,7694,145,808,2308,5603,131,6795,6,6,6,5,5,5,5,5,5,5
TCGA-A2-A0ST-DX1_xmin109446_ymin18274_MPP-0.2500+48[0010].png,2226,4322,7249,5038,34,7647,4492,3469,7804,6321,7,6,5,5,4,4,4,4,4,4
TCGA-A2-A0ST-DX1_xmin109446_ymin18274_MPP-0.2500+49[0010].png,2967,3296,144,7835,7647,794,3823,5937,8081,5555,6,6,5,5,5,4,4,4,4,4
TCGA-A2-A0ST-DX1_xmin109446_ymin18274_MPP-0.2500+86[0010].png,1652,582,808,4524,7249,7807,1966,5428,6121,6194,6,5,5,4,4,4,4,4,4,4
TCGA-A2-A0ST-DX1_xmin109446_ymin18274_MPP-0.2500+87[0010].png,4322,2226,1966,5428,4817,5203,8013,1001,7165,4711,6,5,4,4,4,4,4,4,4,4
TCGA-A2-A0ST-DX1_xmin109446_ymin18274_MPP-0.2500+9[0010].png,1813,4322,2226,4376,553,3026,7651,778,634,7694,5,5,5,5,4,4,4,4,4,4
TCGA-A2-A0SX-DX1_xmin53791_ymin56683_MPP-0.2500+135[0010].png,7835,825,7808,7804,4593,1413,5419,4817,7202,6121,10,5,5,5,5,5,5,4,4,4
TCGA-A2-A0SX-DX1_xmin53791_ymin56683_MPP-0.2500+136[0010].png,7835,4436,5038,131,6795,6979,2531,3526,3026,2557,9,7,5,5,5,5,5,5,4,4
TCGA-A2-A0SX-DX1_xmin53791_ymin56683_MPP-0.2500+148[0010].png,7835,168,4524,6045,5419,2557,5038,4322,5023,915,13,10,8,8,6,6,6,6,5,5
TCGA-A2-A0SX-DX1_xmin53791_ymin56683_MPP-0.2500+149[0010].png,7835,2531,2977,7804,3527,5912,390,828,1235,3000,7,6,6,5,5,5,5,5,5,5
TCGA-A2-A0SX-DX1_xmin53791_ymin56683_MPP-0.2500+150[0010].png,7835,7804,5038,6045,7808,6795,6226,5023,7674,3000,12,8,8,7,5,5,5,5,4,4
TCGA-A2-A0YE-DX1_xmin59206_ymin33505_MPP-0.2500+104[0010].png,4322,7804,5038,7835,216,5419,1911,6424,3000,4492,9,8,7,7,7,6,6,5,5,5
TCGA-A2-A0YE-DX1_xmin59206_ymin33505_MPP-0.2500+112[0010].png,7835,5419,7804,5098,5038,5433,6045,8013,5603,825,9,8,7,7,6,5,5,5,5,5
TCGA-A2-A0YE-DX1_xmin59206_ymin33505_MPP-0.2500+118[0010].png,5419,7804,4322,5476,5018,2226,4817,7078,778,2089,7,7,6,5,5,5,4,4,4,4
TCGA-A2-A0YE-DX1_xmin59206_ymin33505_MPP-0.2500+119[0010].png,7804,8013,6226,7835,6306,1966,6121,6321,7249,3889,11,8,8,8,6,5,5,5,5,5
TCGA-A2-A0YM-DX1_xmin44520_ymin66915_MPP-0.2500+175[0010].png,7134,2757,5018,2018,3296,6931,5912,7555,495,7694,6,5,5,4,4,4,4,4,4,4
TCGA-A2-A1G6-DX1_xmin57706_ymin69514_MPP-0.2500+0[0010].png,390,4711,3230,4143,3088,600,4311,3889,3619,1846,8,6,6,5,5,5,4,4,4,4
TCGA-A2-A1G6-DX1_xmin57706_ymin69514_MPP-0.2500+10[0010].png,958,7807,7835,1652,7880,3526,145,4843,2157,1586,7,6,6,5,5,5,5,5,5,5
TCGA-A2-A1G6-DX1_xmin57706_ymin69514_MPP-0.2500+2[0010].png,3296,3526,6226,4377,5996,3088,7129,215,6045,5937,7,6,6,5,5,5,5,5,5,4
TCGA-A2-A1G6-DX1_xmin57706_ymin69514_MPP-0.2500+9[0010].png,7835,2666,6045,4322,5166,7708,958,7899,3526,8148,7,5,5,5,4,4,4,4,4,4
TCGA-A2-A3XT-DX1_xmin83566_ymin29931_MPP-0.2500+29[0010].png,5937,4377,915,7249,1476,2686,5872,3088,6795,2776,7,6,5,5,5,5,5,5,5,5
TCGA-A7-A4SD-DX1_xmin53807_ymin11871_MPP-0.2500+11[0010].png,3088,7589,1836,4711,8148,7612,3044,7089,5039,2794,6,5,5,5,5,4,4,4,4,4
TCGA-A7-A4SD-DX1_xmin53807_ymin11871_MPP-0.2500+12[0010].png,390,3088,8148,5038,1813,1877,4524,215,4112,4259,17,8,7,7,7,6,6,6,6,6
TCGA-A7-A4SD-DX1_xmin53807_ymin11871_MPP-0.2500+13[0010].png,390,6226,5151,2157,7835,958,4322,7948,5018,3870,10,8,7,7,7,7,6,5,5,5
TCGA-A7-A4SD-DX1_xmin53807_ymin11871_MPP-0.2500+17[0010].png,3088,390,5780,6226,5996,2756,389,7129,1767,2235,8,7,6,5,5,5,4,4,4,4
TCGA-A7-A4SD-DX1_xmin53807_ymin11871_MPP-0.2500+18[0010].png,3088,2308,6045,6054,5065,4160,2903,5038,4259,2531,9,6,6,6,5,5,5,5,5,5
TCGA-A7-A4SD-DX1_xmin53807_ymin11871_MPP-0.2500+2[0010].png,390,7804,215,3088,4311,7129,7835,5038,632,5344,10,7,7,6,5,5,5,5,5,4
TCGA-A7-A4SD-DX1_xmin53807_ymin11871_MPP-0.2500+42[0010].png,3526,4112,7134,3619,2278,3889,215,5671,7880,632,7,6,6,5,5,5,5,4,4,4
TCGA-A7-A4SD-DX1_xmin53807_ymin11871_MPP-0.2500+43[0010].png,131,162,3889,7357,5810,4322,4501,5098,4311,4492,7,6,6,6,6,5,5,4,4,4
TCGA-A7-A4SD-DX1_xmin53807_ymin11871_MPP-0.2500+54[0010].png,3526,3088,4781,7430,1508,4290,794,3889,5392,7129,6,6,6,6,5,5,5,5,5,5
TCGA-A7-A4SD-DX1_xmin53807_ymin11871_MPP-0.2500+55[0010].png,2308,4131,7501,4199,7899,5834,297,7869,44,6931,9,6,5,5,5,4,4,4,4,4
TCGA-A7-A4SD-DX1_xmin53807_ymin11871_MPP-0.2500+56[0010].png,7695,3526,215,5671,5834,6795,1312,2308,1586,7694,7,6,5,5,5,5,5,5,4,4
TCGA-A7-A4SD-DX1_xmin53807_ymin11871_MPP-0.2500+5[0010].png,3088,1652,131,7134,2780,7129,2308,6702,5912,2430,10,6,5,5,5,5,5,4,4,4
TCGA-A7-A4SD-DX1_xmin53807_ymin11871_MPP-0.2500+65[0010].png,5603,5038,7357,3477,7134,6321,1652,1508,215,7694,6,6,5,5,5,5,5,5,4,4
TCGA-A7-A4SD-DX1_xmin53807_ymin11871_MPP-0.2500+66[0010].png,4311,7808,3296,4259,2308,6045,390,5344,7880,7807,9,7,7,6,6,6,5,5,5,4
TCGA-A7-A4SD-DX1_xmin53807_ymin11871_MPP-0.2500+67[0010].png,3230,3088,4322,2756,6226,2278,3870,7028,3469,5392,7,6,6,5,5,5,5,5,5,4
TCGA-A7-A4SD-DX1_xmin53807_ymin11871_MPP-0.2500+6[0010].png,3088,632,5038,2278,6045,1297,3728,3209,808,6628,7,6,5,5,5,5,5,4,4,4
TCGA-A7-A4SD-DX1_xmin53807_ymin11871_MPP-0.2500+70[0010].png,3088,6902,276,1836,4711,604,3526,7430,332,2308,9,6,5,4,4,4,4,4,4,4
TCGA-A7-A4SD-DX1_xmin53807_ymin11871_MPP-0.2500+71[0010].png,5603,3230,7880,5344,215,1571,5810,3838,6192,4250,6,5,5,5,4,4,4,4,4,4
TCGA-A7-A4SD-DX1_xmin53807_ymin11871_MPP-0.2500+78[0010].png,4322,2278,1992,297,3526,5603,6795,4311,8081,5023,8,6,6,6,5,5,5,5,5,5
TCGA-A7-A4SD-DX1_xmin53807_ymin11871_MPP-0.2500+79[0010].png,3088,6226,2308,5018,2903,4725,2990,8148,2757,1654,8,6,4,4,4,4,4,4,4,4
TCGA-A7-A4SD-DX1_xmin53807_ymin11871_MPP-0.2500+80[0010].png,6321,1235,3908,3088,4112,6226,3209,3619,632,3626,7,6,5,5,5,5,5,4,4,4
TCGA-A7-A4SD-DX1_xmin53807_ymin11871_MPP-0.2500+81[0010].png,3209,4711,3889,7134,3088,4501,6321,5428,6702,7337,7,5,4,4,4,4,4,4,4,4
TCGA-A7-A4SD-DX1_xmin53807_ymin11871_MPP-0.2500+82[0010].png,131,3088,7880,778,335,6795,7134,13,781,44,8,7,5,5,5,4,4,4,4,4
TCGA-A7-A4SD-DX1_xmin53807_ymin11871_MPP-0.2500+83[0010].png,6226,794,7694,1001,215,4205,516,515,5098,6678,7,6,5,5,5,4,4,4,4,4
TCGA-A7-A4SD-DX1_xmin53807_ymin11871_MPP-0.2500+90[0010].png,7134,7835,2308,5235,5038,8188,6321,7880,6045,389,6,6,6,6,5,5,5,5,5,5
TCGA-A7-A4SD-DX1_xmin53807_ymin11871_MPP-0.2500+91[0010].png,2308,3088,4377,5912,6192,2226,5872,3127,215,8013,8,6,5,5,5,5,4,4,4,4
TCGA-AN-A0AR-DX1_xmin8468_ymin21166_MPP-0.2500+183[0010].png,7835,216,7189,2666,5996,7223,4711,5763,390,4259,9,6,6,6,5,5,5,5,5,5
TCGA-AN-A0AR-DX1_xmin8468_ymin21166_MPP-0.2500+200[0010].png,7835,6054,2157,6724,390,6045,5741,3477,2226,5038,9,6,5,5,5,5,5,5,5,5
TCGA-AN-A0AR-DX1_xmin8468_ymin21166_MPP-0.2500+201[0010].png,7835,5937,2666,6678,5872,2903,3088,5741,6652,6969,8,6,5,5,5,4,4,4,4,4
TCGA-AN-A0AR-DX1_xmin8468_ymin21166_MPP-0.2500+203[0010].png,5038,5862,5603,7835,3000,2226,4251,1425,5937,3836,8,7,6,6,6,6,5,5,5,5
TCGA-AN-A0AR-DX1_xmin8468_ymin21166_MPP-0.2500+204[0010].png,7835,237,390,6795,5065,4711,5937,7694,5996,2226,12,7,6,5,5,5,5,5,5,5
TCGA-AN-A0AT-DX1_xmin31171_ymin35756_MPP-0.2500+38[0010].png,7835,4524,778,5862,7804,390,2308,5038,7249,1767,13,8,6,6,6,6,5,5,5,5
TCGA-AN-A0AT-DX1_xmin31171_ymin35756_MPP-0.2500+52[0010].png,4524,6045,6795,216,7804,5038,3475,1992,6321,3000,9,6,6,6,6,5,5,5,5,5
TCGA-AN-A0AT-DX1_xmin31171_ymin35756_MPP-0.2500+53[0010].png,7835,4524,6452,3477,4817,1312,4480,2308,5038,5912,13,10,7,6,5,5,5,5,5,5
TCGA-AN-A0AT-DX1_xmin31171_ymin35756_MPP-0.2500+67[0010].png,6452,4524,7835,5038,5797,390,4430,5862,7565,7804,9,9,8,6,5,5,5,5,5,5
TCGA-AN-A0XU-DX1_xmin26118_ymin18441_MPP-0.2500+10[0010].png,3026,390,7835,4524,5419,4322,1767,5810,1813,7249,17,6,6,5,5,5,5,4,4,4
TCGA-AN-A0XU-DX1_xmin26118_ymin18441_MPP-0.2500+21[0010].png,3026,2531,5038,4524,4968,7442,5151,4322,582,1654,18,8,7,7,6,6,5,5,4,4
TCGA-AN-A0XU-DX1_xmin26118_ymin18441_MPP-0.2500+22[0010].png,1992,3026,7835,4524,6452,2029,4322,3526,5862,3475,9,8,7,7,6,6,6,6,5,5
TCGA-AN-A0XU-DX1_xmin26118_ymin18441_MPP-0.2500+24[0010].png,3026,7835,2531,6121,3088,7249,5862,4259,3901,7089,17,11,8,7,7,6,5,5,4,4
TCGA-AN-A0XU-DX1_xmin26118_ymin18441_MPP-0.2500+267[0010].png,3026,5912,5151,6045,7484,4063,958,2990,7854,5862,9,5,5,4,4,4,4,4,4,4
TCGA-AN-A0XU-DX1_xmin26118_ymin18441_MPP-0.2500+5[0010].png,3026,6226,5151,1992,982,3626,7442,4322,2943,215,12,7,6,6,5,5,5,5,4,4
TCGA-AN-A0XU-DX1_xmin26118_ymin18441_MPP-0.2500+7[0010].png,3026,4322,840,3442,516,958,2493,7164,2384,5780,16,7,5,5,4,4,4,4,4,4
TCGA-AO-A03U-DX1_xmin17362_ymin25363_MPP-0.2500+341[0010].png,4322,8013,7835,1652,7899,7091,2226,4436,5741,7880,9,7,7,6,6,6,6,6,5,5
TCGA-AO-A03U-DX1_xmin17362_ymin25363_MPP-0.2500+358[0010].png,1813,3889,6795,2226,6045,4322,7091,6452,5912,8013,9,7,7,7,6,6,6,6,6,6
TCGA-AO-A03U-DX1_xmin17362_ymin25363_MPP-0.2500+359[0010].png,1652,2226,6045,6795,7708,7835,7360,1476,5912,1813,12,11,9,6,5,5,5,5,5,5
TCGA-AO-A03U-DX1_xmin17362_ymin25363_MPP-0.2500+360[0010].png,215,1992,2226,7134,3889,2308,6795,3026,4311,5419,8,7,7,7,6,5,5,5,5,5
TCGA-AO-A03U-DX1_xmin17362_ymin25363_MPP-0.2500+361[0010].png,2308,6795,3026,4436,4781,3088,5912,2776,1586,5996,10,8,7,7,6,6,6,5,5,5
TCGA-AO-A03U-DX1_xmin17362_ymin25363_MPP-0.2500+362[0010].png,7835,6795,6045,215,3026,1652,7804,1476,7807,5344,10,9,8,7,6,6,6,6,5,5
TCGA-AO-A03U-DX1_xmin17362_ymin25363_MPP-0.2500+375[0010].png,7835,5741,390,1652,5937,2226,5862,6795,4322,4143,12,9,8,7,7,7,7,6,6,6
TCGA-AO-A03U-DX1_xmin17362_ymin25363_MPP-0.2500+376[0010].png,7835,5419,5912,3619,3000,3889,2226,4593,5018,215,9,9,7,7,6,6,6,6,6,6
TCGA-AO-A03U-DX1_xmin17362_ymin25363_MPP-0.2500+377[0010].png,2226,5912,3230,1813,7835,3088,7149,1652,1654,5151,11,7,7,6,5,5,5,5,5,4
TCGA-AO-A03U-DX1_xmin17362_ymin25363_MPP-0.2500+378[0010].png,215,5428,2226,3889,1586,594,3088,4322,5937,3026,8,7,7,7,6,6,6,6,5,5
TCGA-AO-A03U-DX1_xmin17362_ymin25363_MPP-0.2500+391[0010].png,6045,3026,6321,2226,1654,3088,2308,7804,7337,5561,12,9,6,6,6,5,5,5,5,5
TCGA-AO-A03U-DX1_xmin17362_ymin25363_MPP-0.2500+392[0010].png,4322,1652,1813,2226,6045,7804,7808,5741,331,1992,9,8,7,7,7,7,6,6,5,5
TCGA-AO-A03U-DX1_xmin17362_ymin25363_MPP-0.2500+393[0010].png,1652,4524,5862,6045,1813,8013,7835,4377,215,6048,8,7,7,6,6,6,6,6,6,5
TCGA-AO-A03U-DX1_xmin17362_ymin25363_MPP-0.2500+394[0010].png,6321,2226,7835,5741,6795,7119,582,7804,2356,3026,9,9,8,7,7,7,6,6,5,5
TCGA-AO-A03U-DX1_xmin17362_ymin25363_MPP-0.2500+395[0010].png,1652,7804,7835,2308,390,3526,1813,6795,7175,7249,10,7,6,6,6,5,5,5,5,5
TCGA-AO-A03U-DX1_xmin17362_ymin25363_MPP-0.2500+408[0010].png,3127,1992,2990,1652,4436,7804,1476,6045,808,1767,7,7,7,7,6,6,6,6,6,6
TCGA-AO-A03U-DX1_xmin17362_ymin25363_MPP-0.2500+409[0010].png,1652,958,5937,3526,6321,4524,4377,7835,1813,7808,8,8,7,7,6,6,5,5,5,5
TCGA-AO-A03U-DX1_xmin17362_ymin25363_MPP-0.2500+410[0010].png,3026,6321,1586,5561,1813,5912,7091,4322,5038,7249,8,8,7,7,7,6,6,6,5,5
TCGA-AO-A03U-DX1_xmin17362_ymin25363_MPP-0.2500+411[0010].png,4436,1813,6795,1476,3026,3889,3626,3088,2278,4322,9,8,7,7,7,7,6,6,6,6
TCGA-AO-A0J4-DX1_xmin17194_ymin10629_MPP-0.2500+28[0010].png,215,7835,2308,5741,5392,1652,3088,5912,1911,6045,13,11,10,9,8,8,8,7,7,7
TCGA-AO-A0J4-DX1_xmin17194_ymin10629_MPP-0.2500+29[0010].png,1652,215,2226,6795,2990,3526,1813,6045,1654,3472,12,10,9,8,8,7,7,6,5,5
TCGA-AO-A0J4-DX1_xmin17194_ymin10629_MPP-0.2500+30[0010].png,215,7835,2226,3526,6795,778,5937,5996,6869,1476,13,11,10,9,8,8,7,7,7,6
TCGA-AO-A0J4-DX1_xmin17194_ymin10629_MPP-0.2500+31[0010].png,215,1652,778,2226,6321,7808,1476,144,3230,5038,14,9,8,8,7,7,6,6,6,6
TCGA-AO-A0J4-DX1_xmin17194_ymin10629_MPP-0.2500+39[0010].png,1813,2226,6869,2157,1652,4311,8013,7835,958,5996,11,11,10,9,8,8,7,7,7,7
TCGA-AO-A0J4-DX1_xmin17194_ymin10629_MPP-0.2500+40[0010].png,3030,7835,2157,2226,1652,1813,6869,215,7249,6795,11,11,9,9,9,8,8,8,8,7
TCGA-AO-A0J4-DX1_xmin17194_ymin10629_MPP-0.2500+41[0010].png,215,2226,1652,7835,5405,5741,2990,3030,2903,5996,12,12,11,10,7,7,6,6,6,6
TCGA-AO-A0J4-DX1_xmin17194_ymin10629_MPP-0.2500+42[0010].png,2226,7835,215,4377,3030,7442,1911,1813,1652,2157,13,9,9,8,7,7,6,6,6,6
TCGA-AO-A0J4-DX1_xmin17194_ymin10629_MPP-0.2500+53[0010].png,1652,215,7835,6869,144,6795,5392,5912,2691,4311,12,11,9,8,8,8,7,7,6,6
TCGA-AO-A0J4-DX1_xmin17194_ymin10629_MPP-0.2500+54[0010].png,1652,1813,215,5741,7835,2308,2226,7189,6869,3088,9,9,9,8,8,8,8,7,7,6
TCGA-AO-A0J4-DX1_xmin17194_ymin10629_MPP-0.2500+55[0010].png,1652,2226,5561,215,5937,6869,7835,1813,1476,3870,12,9,8,7,7,7,7,7,6,6
TCGA-AO-A0J4-DX1_xmin17194_ymin10629_MPP-0.2500+64[0010].png,1652,778,2226,2157,958,6869,7835,6795,7808,3088,15,9,9,8,8,8,8,8,7,7
TCGA-AO-A0J4-DX1_xmin17194_ymin10629_MPP-0.2500+65[0010].png,1652,1813,2226,8013,3030,6045,3526,3889,4377,7119,11,9,9,8,7,7,7,6,6,6
TCGA-AO-A0J4-DX1_xmin17194_ymin10629_MPP-0.2500+74[0010].png,2686,5741,5937,2308,7442,2226,3619,1652,3526,7091,8,8,8,7,7,7,7,6,6,6
TCGA-AO-A124-DX1_xmin16436_ymin1748_MPP-0.2500+0[0010].png,6045,958,2308,6121,7249,7091,2226,7694,6480,5741,10,8,8,7,6,6,6,6,5,5
TCGA-AO-A124-DX1_xmin16436_ymin1748_MPP-0.2500+1[0010].png,2226,6321,958,6045,8013,262,1813,6795,4068,5912,11,11,9,7,6,6,6,6,6,6
TCGA-AO-A124-DX1_xmin16436_ymin1748_MPP-0.2500+21[0010].png,2308,215,390,2226,1652,3044,7091,3526,7024,6045,9,8,8,8,7,7,6,6,6,6
TCGA-AO-A124-DX1_xmin16436_ymin1748_MPP-0.2500+9[0010].png,2226,1652,6869,7808,3526,7091,2308,781,4559,2157,10,8,8,6,6,6,5,5,5,5
TCGA-AO-A129-DX1_xmin37502_ymin12501_MPP-0.2500+145[0010].png,1652,215,7091,4436,1911,6869,6321,8013,2226,7134,8,8,8,7,7,6,6,6,6,5
TCGA-AO-A129-DX1_xmin37502_ymin12501_MPP-0.2500+155[0010].png,215,2226,1813,3526,6869,1476,1652,6321,1911,4377,8,8,6,6,6,6,6,5,5,5
TCGA-AO-A129-DX1_xmin37502_ymin12501_MPP-0.2500+156[0010].png,1652,1813,215,7091,2903,2308,144,3030,2226,7153,10,7,7,7,6,6,6,6,6,6
TCGA-AO-A129-DX1_xmin37502_ymin12501_MPP-0.2500+169[0010].png,215,1813,1652,2226,7091,7808,6795,778,935,5741,14,9,9,7,7,7,6,6,5,5
TCGA-AO-A129-DX1_xmin37502_ymin12501_MPP-0.2500+177[0010].png,1813,2226,958,1911,2990,7249,6321,215,4311,6045,11,10,9,9,8,7,7,7,6,6
TCGA-AO-A129-DX1_xmin37502_ymin12501_MPP-0.2500+180[0010].png,215,2226,1813,2157,778,1652,1911,662,958,7091,14,12,11,9,9,8,7,7,6,6
TCGA-AO-A129-DX1_xmin37502_ymin12501_MPP-0.2500+181[0010].png,1813,1652,3030,215,6931,6045,7835,8013,7804,390,13,10,9,9,9,8,7,7,6,6
TCGA-AO-A129-DX1_xmin37502_ymin12501_MPP-0.2500+185[0010].png,2226,1652,5912,2308,215,5561,8013,7249,1476,7869,17,9,8,8,7,6,6,6,6,6
TCGA-AO-A129-DX1_xmin37502_ymin12501_MPP-0.2500+186[0010].png,1652,4436,3088,8013,7091,5344,6045,1476,6869,4322,13,10,7,6,6,5,5,5,5,5
TCGA-AO-A129-DX1_xmin37502_ymin12501_MPP-0.2500+187[0010].png,1652,3889,2226,4377,4436,4322,1813,7804,3619,7899,11,9,8,8,7,6,6,6,6,6
TCGA-AO-A129-DX1_xmin37502_ymin12501_MPP-0.2500+188[0010].png,7835,6869,215,2226,8013,7804,5561,778,7808,3030,9,9,9,8,7,7,6,6,6,6
TCGA-AO-A129-DX1_xmin37502_ymin12501_MPP-0.2500+189[0010].png,1813,215,778,1652,4143,3030,144,7119,3619,319,12,11,10,10,7,7,6,6,5,5
TCGA-AO-A129-DX1_xmin37502_ymin12501_MPP-0.2500+194[0010].png,1911,2226,6795,1813,3619,297,5561,1652,2140,5912,8,8,7,6,6,6,6,6,6,5
TCGA-AO-A129-DX1_xmin37502_ymin12501_MPP-0.2500+195[0010].png,1652,2226,3030,215,6321,5038,1911,632,3836,8013,10,9,9,7,7,7,6,6,5,5
TCGA-AO-A129-DX1_xmin37502_ymin12501_MPP-0.2500+196[0010].png,2226,8013,7808,7119,1652,4436,7091,215,3889,4068,9,8,7,7,6,6,6,6,5,5
TCGA-AO-A129-DX1_xmin37502_ymin12501_MPP-0.2500+197[0010].png,5561,4322,958,1911,1652,7091,6045,6795,3127,778,9,7,7,7,7,7,6,6,5,5
TCGA-AO-A129-DX1_xmin37502_ymin12501_MPP-0.2500+198[0010].png,1652,2226,778,6795,958,5561,7091,7899,6321,144,11,11,10,8,8,8,7,6,6,6
TCGA-AO-A129-DX1_xmin37502_ymin12501_MPP-0.2500+199[0010].png,1652,2226,215,1476,778,4322,1654,2140,2308,3889,13,10,9,8,7,6,6,6,6,6
TCGA-AO-A129-DX1_xmin37502_ymin12501_MPP-0.2500+200[0010].png,7091,215,8013,1652,2226,958,3889,144,5561,1813,11,10,7,6,6,6,6,6,6,6
TCGA-AO-A129-DX1_xmin37502_ymin12501_MPP-0.2500+201[0010].png,2226,1652,3030,5912,3477,215,131,4436,6321,4322,14,12,6,6,6,6,6,6,6,6
TCGA-AO-A129-DX1_xmin37502_ymin12501_MPP-0.2500+202[0010].png,144,1652,2226,7134,6869,1911,6045,2990,215,1836,11,11,9,8,7,7,6,5,5,5
TCGA-AO-A129-DX1_xmin37502_ymin12501_MPP-0.2500+207[0010].png,5561,215,7119,6190,1652,7091,778,4322,3889,8089,11,10,7,6,6,6,5,5,5,5
TCGA-AO-A129-DX1_xmin37502_ymin12501_MPP-0.2500+208[0010].png,1652,7835,1476,7804,216,1586,8013,1813,3030,3619,8,7,7,7,7,6,6,6,6,6
TCGA-AO-A129-DX1_xmin37502_ymin12501_MPP-0.2500+209[0010].png,1652,2226,5561,1911,578,5428,6045,6795,6054,7808,11,8,7,7,6,6,6,6,6,5
TCGA-AO-A129-DX1_xmin37502_ymin12501_MPP-0.2500+210[0010].png,5561,2226,8013,958,1813,4436,582,7808,215,1652,10,9,8,8,8,7,7,6,6,6
TCGA-AO-A129-DX1_xmin37502_ymin12501_MPP-0.2500+211[0010].png,3088,3889,5912,1652,6194,6045,7835,2226,6321,5561,8,8,7,7,7,7,6,6,6,6
TCGA-AO-A129-DX1_xmin37502_ymin12501_MPP-0.2500+212[0010].png,1652,5561,5741,1813,6795,8013,958,2226,5912,215,10,9,9,8,7,7,6,6,6,6
TCGA-AO-A129-DX1_xmin37502_ymin12501_MPP-0.2500+213[0010].png,8013,4322,6869,778,578,215,1652,2226,7835,7091,11,8,7,7,6,6,6,6,6,6
TCGA-AO-A129-DX1_xmin37502_ymin12501_MPP-0.2500+214[0010].png,2226,7835,7808,215,958,1813,3296,3626,778,3619,10,9,8,7,7,7,7,6,6,6
TCGA-AO-A129-DX1_xmin37502_ymin12501_MPP-0.2500+215[0010].png,1652,215,778,3889,2686,6869,1911,7442,958,3459,11,10,8,7,7,7,7,6,6,5
TCGA-AO-A129-DX1_xmin37502_ymin12501_MPP-0.2500+217[0010].png,2226,2990,5741,6795,5912,1476,3619,215,5780,7357,9,8,7,6,6,6,5,5,5,5
TCGA-AO-A129-DX1_xmin37502_ymin12501_MPP-0.2500+218[0010].png,1911,1476,6795,4322,215,5561,7091,781,1813,6869,8,6,6,6,6,5,5,5,5,5
TCGA-AO-A129-DX1_xmin37502_ymin12501_MPP-0.2500+219[0010].png,1652,958,6795,2990,4322,778,7249,1476,781,2686,9,7,7,6,5,5,5,5,5,5
TCGA-AO-A129-DX1_xmin37502_ymin12501_MPP-0.2500+220[0010].png,8013,5561,2226,1813,1652,2990,4436,1508,3889,6905,9,9,9,7,7,6,6,6,5,5
TCGA-AO-A129-DX1_xmin37502_ymin12501_MPP-0.2500+221[0010].png,1813,8013,2226,3127,2140,1652,7091,3030,5561,2308,8,8,7,6,6,6,6,6,6,5
TCGA-AO-A129-DX1_xmin37502_ymin12501_MPP-0.2500+222[0010].png,5561,1813,2990,8013,3626,1652,3619,4322,1911,5912,7,7,7,7,6,6,6,6,6,5
TCGA-AO-A129-DX1_xmin37502_ymin12501_MPP-0.2500+223[0010].png,2226,1652,6869,582,7119,1813,6321,7835,7808,516,9,9,8,8,7,6,6,6,6,5
TCGA-AO-A129-DX1_xmin37502_ymin12501_MPP-0.2500+224[0010].png,3030,1652,2226,5561,778,3889,7442,8013,3619,662,10,10,8,8,7,7,7,7,6,6
TCGA-AO-A129-DX1_xmin37502_ymin12501_MPP-0.2500+225[0010].png,215,1911,1652,7442,2646,6226,1476,2226,7808,3889,9,9,9,7,7,7,7,7,6,6
TCGA-AO-A129-DX1_xmin37502_ymin12501_MPP-0.2500+226[0010].png,1813,5561,1652,215,2990,578,2226,3030,5912,371,9,7,7,6,6,6,6,6,5,5
TCGA-AO-A129-DX1_xmin37502_ymin12501_MPP-0.2500+227[0010].png,778,3296,3030,4377,2226,6795,7249,215,3619,4311,11,8,7,7,7,7,6,6,6,6
TCGA-AO-A129-DX1_xmin37502_ymin12501_MPP-0.2500+228[0010].png,2226,1652,6869,5561,3000,216,1813,2083,6795,7835,10,9,9,8,8,6,6,5,5,5
TCGA-AO-A129-DX1_xmin37502_ymin12501_MPP-0.2500+229[0010].png,2226,1476,3619,1652,8013,1813,3088,1911,5741,3889,9,7,6,6,5,5,5,5,5,5
TCGA-AO-A129-DX1_xmin37502_ymin12501_MPP-0.2500+230[0010].png,1652,7835,215,2226,3030,5561,216,725,6045,8140,11,8,8,6,6,6,6,6,6,5
TCGA-AO-A129-DX1_xmin37502_ymin12501_MPP-0.2500+231[0010].png,1652,215,8013,2226,5561,958,7024,778,4436,1813,7,7,6,6,6,5,5,5,5,5
TCGA-AO-A129-DX1_xmin37502_ymin12501_MPP-0.2500+232[0010].png,215,1652,8013,1813,2903,778,3296,1911,3475,4311,10,8,8,7,6,6,6,5,5,5
TCGA-AO-A129-DX1_xmin37502_ymin12501_MPP-0.2500+233[0010].png,8013,2226,3030,215,6795,1652,4436,778,5912,3079,8,8,8,7,7,7,6,6,6,6
TCGA-AO-A129-DX1_xmin37502_ymin12501_MPP-0.2500+234[0010].png,8013,1652,2226,3626,1413,4322,1476,958,7835,1813,10,9,8,8,7,7,7,6,6,6
TCGA-AO-A129-DX1_xmin37502_ymin12501_MPP-0.2500+235[0010].png,1652,5741,215,7091,2226,5419,2308,8013,7442,5561,9,8,8,8,7,6,6,6,6,6
TCGA-AO-A129-DX1_xmin37502_ymin12501_MPP-0.2500+236[0010].png,215,7442,958,5741,3619,5912,1652,4524,1911,7899,11,8,7,7,7,6,6,6,6,6
TCGA-AO-A129-DX1_xmin37502_ymin12501_MPP-0.2500+237[0010].png,215,6869,8013,1813,5561,778,582,216,6321,2990,10,8,6,6,6,6,6,6,5,5
TCGA-AO-A129-DX1_xmin37502_ymin12501_MPP-0.2500+238[0010].png,7835,5561,1813,8013,4322,7442,7249,778,215,1911,9,9,8,8,7,7,7,6,6,6
TCGA-AO-A129-DX1_xmin37502_ymin12501_MPP-0.2500+240[0010].png,215,7899,2226,1813,6321,958,1911,7249,1476,3475,12,9,8,8,7,6,6,5,5,5
TCGA-AO-A129-DX1_xmin37502_ymin12501_MPP-0.2500+241[0010].png,1652,2226,5561,2990,453,1911,4322,5047,7249,215,11,9,8,7,6,6,6,5,5,5
TCGA-AO-A129-DX1_xmin37502_ymin12501_MPP-0.2500+242[0010].png,2226,7835,1652,7091,215,4143,8013,7808,2903,3893,10,9,8,7,7,6,6,6,6,5
TCGA-AO-A129-DX1_xmin37502_ymin12501_MPP-0.2500+243[0010].png,958,8013,215,7249,2531,1652,1311,1813,7442,6045,9,9,9,8,7,7,6,6,5,5
TCGA-AO-A129-DX1_xmin37502_ymin12501_MPP-0.2500+244[0010].png,215,2776,1652,5561,6869,1911,8013,4322,2226,3088,9,9,8,7,7,6,6,6,6,6
TCGA-AO-A129-DX1_xmin37502_ymin12501_MPP-0.2500+245[0010].png,1652,215,2226,7804,7835,3127,6269,1813,958,3526,14,11,10,7,7,6,6,6,6,6
TCGA-AO-A129-DX1_xmin37502_ymin12501_MPP-0.2500+246[0010].png,2226,958,4377,778,1652,215,2531,8013,5235,7835,12,10,9,9,8,7,6,6,6,5
TCGA-AO-A129-DX1_xmin37502_ymin12501_MPP-0.2500+247[0010].png,1652,8013,1911,958,781,215,2226,6045,3088,7091,11,7,7,7,7,7,6,5,5,5
TCGA-AO-A129-DX1_xmin37502_ymin12501_MPP-0.2500+248[0010].png,1813,6045,778,1569,390,215,1911,1652,7091,5419,7,6,6,6,6,6,6,6,5,5
TCGA-AO-A129-DX1_xmin37502_ymin12501_MPP-0.2500+253[0010].png,215,6045,2226,7249,4080,4436,7899,5741,4377,1911,8,7,7,7,7,7,7,6,6,6
TCGA-AO-A129-DX1_xmin37502_ymin12501_MPP-0.2500+254[0010].png,8013,958,7835,778,5741,3026,1911,5424,4711,2990,10,8,8,7,6,6,6,5,5,5
TCGA-AO-A129-DX1_xmin37502_ymin12501_MPP-0.2500+255[0010].png,215,3889,7249,1652,4322,7694,6321,3442,8013,2990,12,8,8,8,7,7,7,6,6,6
TCGA-AO-A129-DX1_xmin37502_ymin12501_MPP-0.2500+256[0010].png,958,1813,1652,215,5561,982,3030,2990,7249,4322,9,8,8,8,7,7,7,6,6,6
TCGA-AO-A1KR-DX1_xmin19591_ymin37667_MPP-0.2500+153[0010].png,44,3889,5151,2029,693,840,2336,2278,6045,3151,6,5,5,5,4,4,4,4,4,4
TCGA-AO-A1KR-DX1_xmin19591_ymin37667_MPP-0.2500+16[0010].png,3088,4711,7501,7134,3230,5780,5213,1716,7880,6190,7,6,5,4,4,4,4,4,4,4
TCGA-AQ-A04J-DX1_xmin64631_ymin12074_MPP-0.2500+36[0010].png,7835,5038,2157,4524,7804,6054,5697,216,808,2666,10,10,9,8,7,6,6,6,6,6
TCGA-AR-A0TS-DX1_xmin118843_ymin22812_MPP-0.2500+11[0010].png,7835,4524,5151,2531,1992,3026,5098,5038,5419,1235,10,8,6,6,6,6,6,5,5,5
TCGA-AR-A0TS-DX1_xmin118843_ymin22812_MPP-0.2500+12[0010].png,3026,7835,1652,6452,5862,7337,4259,1235,390,3127,10,9,8,7,6,6,6,6,6,5
TCGA-AR-A0TS-DX1_xmin118843_ymin22812_MPP-0.2500+150[0010].png,1682,3026,8091,3000,4725,12,1609,6226,8013,371,7,5,5,5,5,5,4,4,4,4
TCGA-AR-A0TS-DX1_xmin118843_ymin22812_MPP-0.2500+159[0010].png,3026,7835,2531,5023,6121,390,5780,7591,4322,828,10,6,6,6,5,5,5,5,4,4
TCGA-AR-A0TS-DX1_xmin118843_ymin22812_MPP-0.2500+4[0010].png,7835,3026,2531,2588,3889,4480,6795,1794,6321,5912,8,7,7,6,6,6,5,5,5,5
TCGA-AR-A0TS-DX1_xmin118843_ymin22812_MPP-0.2500+5[0010].png,5862,5023,4524,7835,5038,2531,3296,6795,7337,3026,7,7,7,7,7,6,6,5,5,5
TCGA-AR-A0U1-DX1_xmin63681_ymin24922_MPP-0.2500+36[0010].png,5428,6045,4593,553,1169,4340,2308,7134,6179,5098,9,5,5,4,4,4,4,4,4,4
TCGA-AR-A0U1-DX1_xmin63681_ymin24922_MPP-0.2500+50[0010].png,3088,7134,237,4436,5098,7119,3475,4259,3619,3114,6,6,6,5,5,5,4,4,4,4
TCGA-AR-A0U4-DX1_xmin41141_ymin69786_MPP-0.2500+158[0010].png,3026,5419,2531,5428,1767,5038,7835,982,5741,3526,11,9,9,7,7,6,6,6,6,6
TCGA-AR-A1AI-DX1_xmin38671_ymin10616_MPP-0.2500+10[0010].png,216,5912,6795,5741,4480,6045,5780,632,1218,2226,7,5,5,5,4,4,4,4,4,4
TCGA-AR-A1AI-DX1_xmin38671_ymin10616_MPP-0.2500+1[0010].png,4322,6045,5433,3889,5065,7024,4642,2229,958,8188,5,5,5,5,4,4,4,4,4,4
TCGA-AR-A1AI-DX1_xmin38671_ymin10616_MPP-0.2500+2[0010].png,6045,7808,840,6795,5477,600,6157,4150,7694,6321,7,5,5,5,4,4,4,4,4,4
TCGA-AR-A1AI-DX1_xmin38671_ymin10616_MPP-0.2500+3[0010].png,8101,7360,3000,7808,912,6795,1026,3065,3044,5524,6,5,5,4,4,4,4,4,4,4
TCGA-AR-A1AI-DX1_xmin38671_ymin10616_MPP-0.2500+6[0010].png,6321,5912,4602,4436,7808,4597,5428,6841,7189,5741,7,6,5,5,5,5,4,4,4,4
TCGA-AR-A1AI-DX1_xmin38671_ymin10616_MPP-0.2500+7[0010].png,6795,389,4311,6931,5912,7337,394,7175,3901,1476,6,5,5,4,4,4,4,4,4,4
TCGA-AR-A1AR-DX1_xmin12708_ymin29100_MPP-0.2500+2[0010].png,1966,4322,5862,5419,7337,516,1992,7835,4492,3209,8,7,6,6,5,5,5,5,5,5
TCGA-AR-A256-DX1_xmin41577_ymin17076_MPP-0.2500+8[0010].png,5038,7835,1652,7337,1476,2602,7249,958,5937,390,13,9,9,6,6,6,5,5,5,5
TCGA-AR-A2LH-DX1_xmin78480_ymin42305_MPP-0.2500+179[0010].png,7835,6045,5996,3889,1652,256,4311,2140,6054,3619,17,9,7,6,6,6,5,5,5,5
TCGA-AR-A5QQ-DX1_xmin107130_ymin49863_MPP-0.2500+15[0010].png,5038,516,2666,3526,145,1767,7165,7835,1312,4247,7,6,6,6,5,5,5,5,5,5
TCGA-AR-A5QQ-DX1_xmin107130_ymin49863_MPP-0.2500+16[0010].png,5038,1235,8014,4376,2308,4322,6111,2336,6045,2226,7,7,5,5,5,4,4,4,4,4
TCGA-AR-A5QQ-DX1_xmin107130_ymin49863_MPP-0.2500+23[0010].png,7835,4524,6795,256,216,5937,1842,2308,3597,5038,7,7,6,5,5,5,5,5,5,5
TCGA-AR-A5QQ-DX1_xmin107130_ymin49863_MPP-0.2500+29[0010].png,6795,1235,5038,3526,7835,1842,4322,1652,4492,2903,7,6,6,6,5,5,4,4,4,4
TCGA-AR-A5QQ-DX1_xmin107130_ymin49863_MPP-0.2500+44[0010].png,5862,7835,5419,1842,7694,2308,3026,1235,958,6219,8,6,5,5,5,4,4,4,4,4
TCGA-AR-A5QQ-DX1_xmin107130_ymin49863_MPP-0.2500+45[0010].png,3088,7835,3477,4311,2903,6045,5697,5038,2226,6795,9,7,7,6,6,6,6,6,5,5
TCGA-AR-A5QQ-DX1_xmin107130_ymin49863_MPP-0.2500+46[0010].png,4524,3889,2588,2249,237,6795,7835,7804,4322,2308,7,6,6,5,5,5,5,5,5,4
TCGA-AR-A5QQ-DX1_xmin107130_ymin49863_MPP-0.2500+47[0010].png,5428,3526,4781,5038,6795,186,6724,7835,6321,778,6,6,5,5,5,5,5,5,5,5
TCGA-AR-A5QQ-DX1_xmin107130_ymin49863_MPP-0.2500+51[0010].png,7835,4524,6045,2157,2308,3088,5038,3526,2977,7166,9,8,8,6,5,4,4,4,4,4
TCGA-AR-A5QQ-DX1_xmin107130_ymin49863_MPP-0.2500+52[0010].png,7835,5038,5697,6045,7804,5682,2308,604,7035,3858,11,10,6,6,5,5,5,5,5,4
TCGA-AR-A5QQ-DX1_xmin107130_ymin49863_MPP-0.2500+53[0010].png,7804,3088,5038,5996,4990,6795,5027,7540,6045,390,7,7,7,6,5,5,5,5,5,5
TCGA-AR-A5QQ-DX1_xmin107130_ymin49863_MPP-0.2500+57[0010].png,7835,7162,7694,4524,3526,5999,778,6724,237,145,9,7,7,7,6,5,5,5,5,4
TCGA-AR-A5QQ-DX1_xmin107130_ymin49863_MPP-0.2500+58[0010].png,390,4524,7835,6795,5038,4436,6452,7807,5419,5912,9,8,8,6,5,5,5,5,5,5
TCGA-AR-A5QQ-DX1_xmin107130_ymin49863_MPP-0.2500+65[0010].png,7835,3000,8188,5419,3889,2308,4501,1652,5996,216,9,6,5,5,5,5,5,5,4,4
TCGA-AR-A5QQ-DX1_xmin107130_ymin49863_MPP-0.2500+66[0010].png,7835,5038,6795,7222,6045,5996,5419,5097,3209,2841,11,9,6,5,5,5,5,5,4,4
TCGA-AR-A5QQ-DX1_xmin107130_ymin49863_MPP-0.2500+67[0010].png,7835,7804,3026,4524,2903,825,1652,6045,4259,935,11,6,6,6,5,5,5,5,5,4
TCGA-AR-A5QQ-DX1_xmin107130_ymin49863_MPP-0.2500+73[0010].png,7835,4524,5038,1654,3526,2308,1235,6045,7804,4376,12,9,7,7,6,6,6,6,5,5
TCGA-AR-A5QQ-DX1_xmin107130_ymin49863_MPP-0.2500+74[0010].png,5038,7835,4524,5428,4322,825,3527,7694,6795,7189,11,10,8,7,6,6,5,5,5,5
TCGA-AR-A5QQ-DX1_xmin107130_ymin49863_MPP-0.2500+78[0010].png,7835,5038,4524,6054,5741,6452,825,5419,5697,3189,13,10,8,8,7,6,6,6,6,5
TCGA-AR-A5QQ-DX1_xmin107130_ymin49863_MPP-0.2500+79[0010].png,7835,4322,7804,6795,390,5038,4524,7360,3000,2703,14,7,6,6,6,6,6,5,5,5
TCGA-BH-A0AV-DX1_xmin77937_ymin57165_MPP-0.2500+143[0010].png,4322,7835,7804,6045,5038,4311,2308,4524,3296,1966,9,8,8,7,7,7,6,6,6,5
TCGA-BH-A0B3-DX1_xmin82526_ymin42184_MPP-0.2500+13[0010].png,1652,7189,8013,778,2226,6054,1235,453,215,1476,7,7,6,6,6,6,6,5,5,5
TCGA-BH-A0B3-DX1_xmin82526_ymin42184_MPP-0.2500+14[0010].png,2226,1652,3619,6795,215,7808,4410,3088,2686,3477,7,7,6,6,6,6,5,5,4,4
TCGA-BH-A0B3-DX1_xmin82526_ymin42184_MPP-0.2500+15[0010].png,5741,5937,7808,3442,1652,2226,8013,6219,7119,958,6,6,5,5,5,5,5,4,4,4
TCGA-BH-A0B3-DX1_xmin82526_ymin42184_MPP-0.2500+22[0010].png,7337,5937,6045,8013,5912,390,5999,958,215,2602,8,7,7,6,6,5,5,5,5,5
TCGA-BH-A0B3-DX1_xmin82526_ymin42184_MPP-0.2500+23[0010].png,2226,7819,7119,4198,6892,6121,2990,553,3469,144,7,6,6,5,5,5,5,5,5,5
TCGA-BH-A0B3-DX1_xmin82526_ymin42184_MPP-0.2500+30[0010].png,7835,7249,390,6045,5038,215,4524,6795,1813,3526,7,6,6,6,5,5,5,5,4,4
TCGA-BH-A0B3-DX1_xmin82526_ymin42184_MPP-0.2500+37[0010].png,2226,3030,1652,725,5424,4725,4559,582,390,4311,9,6,6,5,5,5,4,4,4,4
TCGA-BH-A0B3-DX1_xmin82526_ymin42184_MPP-0.2500+5[0010].png,5741,2308,390,7024,1235,2275,2226,6054,898,7750,7,7,7,5,5,5,5,5,4,4
TCGA-BH-A0B3-DX1_xmin82526_ymin42184_MPP-0.2500+6[0010].png,390,7808,215,2278,4480,2602,8101,7835,3469,958,8,6,6,6,5,4,4,4,4,4
TCGA-BH-A0B3-DX1_xmin82526_ymin42184_MPP-0.2500+7[0010].png,1652,5561,1476,2140,3477,4559,1235,4436,6321,982,8,7,7,6,6,6,5,5,5,4
TCGA-BH-A0B9-DX1_xmin62727_ymin56697_MPP-0.2500+15[0010].png,7835,4524,5419,390,8013,2226,958,6452,5697,7694,13,9,7,7,7,6,6,6,6,6
TCGA-BH-A0B9-DX1_xmin62727_ymin56697_MPP-0.2500+2[0010].png,7835,6452,390,4781,6795,7899,3127,958,5697,6321,11,7,6,6,5,5,5,5,5,5
TCGA-BH-A0B9-DX1_xmin62727_ymin56697_MPP-0.2500+34[0010].png,5697,390,4524,7835,5038,5018,1425,6045,7804,6452,14,10,10,8,7,7,6,6,6,6
TCGA-BH-A0B9-DX1_xmin62727_ymin56697_MPP-0.2500+35[0010].png,7835,2226,215,390,6452,5697,1992,7202,3477,4524,11,10,8,8,7,6,6,6,6,5
TCGA-BH-A0B9-DX1_xmin62727_ymin56697_MPP-0.2500+3[0010].png,7835,5038,5697,4817,216,3088,6054,6452,5937,958,8,7,7,6,5,5,5,5,5,5
TCGA-BH-A0B9-DX1_xmin62727_ymin56697_MPP-0.2500+8[0010].png,3088,5038,5018,4524,5741,7835,8140,3026,6452,1652,8,7,7,7,6,6,6,6,6,6
TCGA-BH-A0BW-DX1_xmin42346_ymin30843_MPP-0.2500+23[0010].png,5912,958,6795,1696,12,3849,3526,6919,4436,5433,6,5,5,4,4,4,4,4,4,4
TCGA-BH-A0BW-DX1_xmin42346_ymin30843_MPP-0.2500+24[0010].png,6226,1476,5937,3088,2226,7738,7448,958,7899,4781,6,5,5,5,4,4,4,4,4,4
TCGA-BH-A0BW-DX1_xmin42346_ymin30843_MPP-0.2500+25[0010].png,958,3889,390,7134,582,4311,3021,1476,3189,1569,11,8,7,6,5,5,4,4,4,4
TCGA-BH-A0BW-DX1_xmin42346_ymin30843_MPP-0.2500+2[0010].png,5207,632,3126,3230,1476,6795,958,4261,4143,8101,6,5,5,5,5,5,5,4,4,4
TCGA-BH-A0BW-DX1_xmin42346_ymin30843_MPP-0.2500+3[0010].png,7835,1696,6226,3127,2140,8013,958,2235,5999,4781,7,6,6,6,5,4,4,4,4,4
TCGA-BH-A0BW-DX1_xmin42346_ymin30843_MPP-0.2500+4[0010].png,3889,1569,4311,4436,7835,5428,1696,601,958,8013,7,6,6,6,6,5,5,5,5,5
TCGA-BH-A0E0-DX1_xmin16640_ymin43761_MPP-0.2500+10[0010].png,8013,4072,6892,2226,6782,371,5433,7400,6226,4377,7,6,5,4,4,4,4,4,4,4
TCGA-BH-A0E0-DX1_xmin16640_ymin43761_MPP-0.2500+18[0010].png,6452,5872,5392,4247,1150,958,7222,7808,1813,2686,4,4,4,4,4,4,4,4,4,4
TCGA-BH-A0E0-DX1_xmin16640_ymin43761_MPP-0.2500+19[0010].png,6321,4377,2140,7835,6908,7694,5038,7649,5999,3861,7,6,5,5,5,5,5,4,4,4
TCGA-BH-A0E0-DX1_xmin16640_ymin43761_MPP-0.2500+29[0010].png,3296,2226,836,1842,1357,8013,5038,453,7482,1741,9,6,5,5,5,5,5,4,4,4
TCGA-BH-A0E0-DX1_xmin16640_ymin43761_MPP-0.2500+41[0010].png,7175,7647,1373,3836,6480,7091,215,3619,2356,4781,5,5,5,4,4,4,4,4,4,4
TCGA-BH-A0E6-DX1_xmin54786_ymin20002_MPP-0.2500+284[0010].png,1476,2531,7694,1652,6045,7835,390,1413,5937,5999,7,6,5,5,5,4,4,4,4,4
TCGA-BH-A0RX-DX1_xmin69099_ymin22327_MPP-0.2500+156[0010].png,7165,390,8110,1586,4322,2308,5038,5419,7807,2903,7,6,6,5,5,5,5,5,5,5
TCGA-BH-A0RX-DX1_xmin69099_ymin22327_MPP-0.2500+166[0010].png,390,1966,825,1652,958,5428,7835,237,7249,3030,6,5,5,5,4,4,4,4,4,4
TCGA-BH-A0RX-DX1_xmin69099_ymin22327_MPP-0.2500+167[0010].png,8089,5428,6795,5454,7175,836,4198,553,3230,6088,6,4,4,4,4,4,4,4,4,4
TCGA-BH-A0RX-DX1_xmin69099_ymin22327_MPP-0.2500+168[0010].png,5862,3088,7694,7189,6678,3429,6795,958,1652,3127,5,5,5,5,4,4,4,4,4,4
TCGA-BH-A0WA-DX1_xmin56581_ymin24774_MPP-0.2500+186[0010].png,8041,2226,4693,5862,2876,6807,267,2756,3088,6192,5,5,5,4,4,4,4,4,4,4
TCGA-BH-A0WA-DX1_xmin56581_ymin24774_MPP-0.2500+271[0010].png,5038,8188,4524,390,7427,836,5762,6291,3296,5433,13,8,6,6,5,5,5,5,5,5
TCGA-BH-A0WA-DX1_xmin56581_ymin24774_MPP-0.2500+272[0010].png,390,5697,2157,7804,5038,524,5027,4322,3836,6452,8,7,7,7,6,6,5,5,5,5
TCGA-BH-A0WA-DX1_xmin56581_ymin24774_MPP-0.2500+283[0010].png,3088,1652,2226,2756,7948,594,3438,4691,4501,4250,7,5,5,4,4,4,4,4,4,4
TCGA-BH-A0WA-DX1_xmin56581_ymin24774_MPP-0.2500+295[0010].png,5038,6452,5697,7835,390,8188,4524,3889,5428,215,10,10,7,7,7,6,6,5,5,5
TCGA-BH-A0WA-DX1_xmin56581_ymin24774_MPP-0.2500+296[0010].png,7835,6054,390,5038,1235,6795,7807,7804,6321,2292,15,8,7,7,6,6,6,6,6,5
TCGA-BH-A0WA-DX1_xmin56581_ymin24774_MPP-0.2500+297[0010].png,390,5038,958,7835,5018,1741,7249,4155,3858,1966,11,8,7,6,6,5,5,4,4,4
TCGA-BH-A0WA-DX1_xmin56581_ymin24774_MPP-0.2500+298[0010].png,5697,5038,4524,5810,7835,2157,3296,2531,390,5419,9,7,7,7,7,6,6,5,5,5
TCGA-BH-A0WA-DX1_xmin56581_ymin24774_MPP-0.2500+318[0010].png,7835,4524,7694,6321,2469,8188,524,5038,1992,958,14,8,7,6,6,6,6,5,5,5
TCGA-BH-A0WA-DX1_xmin56581_ymin24774_MPP-0.2500+319[0010].png,7835,390,5038,553,5018,1741,5000,5027,2531,958,11,10,7,7,6,6,5,5,5,4
TCGA-BH-A0WA-DX1_xmin56581_ymin24774_MPP-0.2500+320[0010].png,2157,1966,1235,1652,390,1741,4311,3526,7835,6475,9,7,7,6,6,6,5,5,5,5
TCGA-BH-A0WA-DX1_xmin56581_ymin24774_MPP-0.2500+321[0010].png,7835,5038,7804,390,7249,5996,3044,3296,958,5762,9,8,8,6,5,5,5,5,5,5
TCGA-BH-A0WA-DX1_xmin56581_ymin24774_MPP-0.2500+322[0010].png,390,4524,7835,5038,5697,4501,7162,958,8101,2493,8,8,7,6,6,6,5,5,5,5
TCGA-BH-A0WA-DX1_xmin56581_ymin24774_MPP-0.2500+323[0010].png,8188,3296,5038,7835,6452,390,4311,808,6969,5996,7,7,7,7,6,6,6,5,5,5
TCGA-BH-A0WA-DX1_xmin56581_ymin24774_MPP-0.2500+343[0010].png,390,7835,7202,5038,1235,215,5027,5910,1813,6226,11,9,7,7,6,6,5,5,5,5
TCGA-BH-A0WA-DX1_xmin56581_ymin24774_MPP-0.2500+344[0010].png,390,1652,2157,5697,7807,5038,3477,5912,4322,6452,6,6,6,6,5,5,5,5,5,5
TCGA-BH-A0WA-DX1_xmin56581_ymin24774_MPP-0.2500+345[0010].png,390,1373,7835,5912,215,8188,4781,5419,6054,5207,8,8,7,7,6,6,5,5,5,4
TCGA-BH-A0WA-DX1_xmin56581_ymin24774_MPP-0.2500+346[0010].png,5038,215,8188,7835,5762,3126,3296,8091,5018,6908,8,7,7,7,6,5,5,5,5,5
TCGA-BH-A0WA-DX1_xmin56581_ymin24774_MPP-0.2500+347[0010].png,8188,390,5697,7835,5100,7807,5038,7708,4524,4322,7,7,6,6,5,5,5,5,5,5
TCGA-BH-A0WA-DX1_xmin56581_ymin24774_MPP-0.2500+348[0010].png,4524,7835,7804,1652,2903,5862,1767,8188,524,1992,8,7,7,7,6,6,5,5,5,5
TCGA-BH-A0WA-DX1_xmin56581_ymin24774_MPP-0.2500+364[0010].png,390,1652,7835,5038,5697,7807,3296,958,2903,8013,13,8,7,7,7,6,6,5,5,5
TCGA-BH-A0WA-DX1_xmin56581_ymin24774_MPP-0.2500+365[0010].png,390,389,3088,7835,1373,4821,1652,4965,3296,3477,8,5,5,5,5,4,4,4,4,4
TCGA-BH-A0WA-DX1_xmin56581_ymin24774_MPP-0.2500+366[0010].png,958,7835,390,5038,4322,6226,6795,5697,3861,3855,8,8,6,6,6,5,5,4,4,4
TCGA-BH-A0WA-DX1_xmin56581_ymin24774_MPP-0.2500+367[0010].png,7835,5038,5697,390,4817,3526,215,6111,4322,371,10,9,8,6,5,5,5,5,5,4
TCGA-BH-A0WA-DX1_xmin56581_ymin24774_MPP-0.2500+368[0010].png,390,5038,7835,5419,3296,1966,371,4781,2157,130,9,8,8,5,5,5,5,5,5,5
TCGA-BH-A0WA-DX1_xmin56581_ymin24774_MPP-0.2500+369[0010].png,390,629,778,7835,2960,6226,5207,7768,4524,2320,10,9,8,8,7,7,6,6,6,6
TCGA-BH-A0WA-DX1_xmin56581_ymin24774_MPP-0.2500+385[0010].png,7835,3296,958,2157,390,6969,4711,2356,5697,2028,8,7,7,7,7,6,6,6,6,5
TCGA-BH-A0WA-DX1_xmin56581_ymin24774_MPP-0.2500+386[0010].png,7835,3477,1235,390,958,3296,5697,1992,7202,1966,10,7,6,6,6,5,5,5,5,5
TCGA-BH-A0WA-DX1_xmin56581_ymin24774_MPP-0.2500+387[0010].png,5697,390,958,8013,5038,1652,5762,6908,7249,2308,8,6,6,6,5,5,5,5,5,4
TCGA-BH-A0WA-DX1_xmin56581_ymin24774_MPP-0.2500+388[0010].png,7835,5697,2157,5038,3477,4781,390,6452,6321,1652,11,9,8,8,7,6,6,5,5,5
TCGA-BH-A0WA-DX1_xmin56581_ymin24774_MPP-0.2500+402[0010].png,7835,1992,5038,6045,2226,6452,5843,8188,390,4781,11,7,7,7,7,6,5,5,5,5
TCGA-BH-A0WA-DX1_xmin56581_ymin24774_MPP-0.2500+403[0010].png,5038,5697,7835,2157,5018,5996,1235,5023,6956,5179,11,8,8,6,5,5,5,5,5,5
TCGA-BH-A0WA-DX1_xmin56581_ymin24774_MPP-0.2500+404[0010].png,7835,5038,5697,5996,5018,371,4781,8188,601,6999,10,9,7,6,6,6,6,6,5,5
TCGA-BH-A0WA-DX1_xmin56581_ymin24774_MPP-0.2500+405[0010].png,7835,390,5697,7899,2531,5038,5027,2157,5799,7337,13,7,6,6,5,5,5,5,5,5
TCGA-BH-A0WA-DX1_xmin56581_ymin24774_MPP-0.2500+406[0010].png,5697,390,4311,8188,6452,5937,7835,7807,2666,1654,11,8,8,6,6,5,5,5,4,4
TCGA-BH-A0WA-DX1_xmin56581_ymin24774_MPP-0.2500+420[0010].png,5038,7835,5697,958,7804,6226,390,5018,1311,3088,11,11,8,6,6,6,6,5,5,5
TCGA-BH-A0WA-DX1_xmin56581_ymin24774_MPP-0.2500+421[0010].png,7835,5038,256,4021,7175,1992,4524,1652,215,3296,11,8,6,6,5,5,5,5,5,5
TCGA-BH-A0WA-DX1_xmin56581_ymin24774_MPP-0.2500+422[0010].png,5038,958,1813,7835,4524,3296,5697,5910,7149,4968,8,8,7,6,6,6,6,5,5,5
TCGA-BH-A0WA-DX1_xmin56581_ymin24774_MPP-0.2500+423[0010].png,1813,3477,553,3026,5151,389,8089,7835,5038,825,9,6,5,5,5,5,5,5,5,4
TCGA-BH-A0WA-DX1_xmin56581_ymin24774_MPP-0.2500+436[0010].png,2157,4524,1966,4311,7459,6045,5038,1652,2320,3030,8,7,6,6,6,6,6,6,6,6
TCGA-BH-A1FC-DX1_xmin52216_ymin33355_MPP-0.2500+206[0010].png,6795,5098,7694,7835,6194,2083,3527,7160,5038,958,9,6,6,5,5,5,5,5,5,5
TCGA-BH-A1FC-DX1_xmin52216_ymin33355_MPP-0.2500+207[0010].png,5912,2094,7835,2557,958,7337,4524,4480,8013,4311,7,7,7,7,6,6,6,6,6,5
TCGA-C8-A12V-DX1_xmin11056_ymin54401_MPP-0.2500+103[0010].png,958,215,6045,7948,3526,2226,453,7091,4072,7835,8,8,7,7,6,5,5,5,5,5
TCGA-C8-A12V-DX1_xmin11056_ymin54401_MPP-0.2500+118[0010].png,7948,4559,958,2359,4072,1911,5023,3088,7694,1813,8,6,6,5,5,5,5,5,5,5
TCGA-C8-A12V-DX1_xmin11056_ymin54401_MPP-0.2500+119[0010].png,4377,958,1911,4072,2043,5027,2686,215,3030,2990,8,8,7,7,6,6,6,5,5,5
TCGA-C8-A12V-DX1_xmin11056_ymin54401_MPP-0.2500+158[0010].png,4377,6678,582,7948,3088,2602,5780,2043,1654,4311,8,7,6,6,6,6,5,5,5,5
TCGA-C8-A12V-DX1_xmin11056_ymin54401_MPP-0.2500+52[0010].png,958,6321,5325,2043,2157,256,453,1696,7948,5207,7,6,6,6,6,5,5,5,5,5
TCGA-C8-A12V-DX1_xmin11056_ymin54401_MPP-0.2500+53[0010].png,7948,1696,4072,3296,7149,7249,5027,7175,2043,582,9,8,7,7,7,7,6,6,6,6
TCGA-C8-A12V-DX1_xmin11056_ymin54401_MPP-0.2500+69[0010].png,2686,4436,390,5561,2043,6045,958,1813,7249,3442,7,6,6,6,6,5,5,5,5,5
TCGA-C8-A12V-DX1_xmin11056_ymin54401_MPP-0.2500+70[0010].png,7948,215,4559,4072,958,5428,5433,7819,7835,2094,8,7,7,7,6,6,5,5,5,5
TCGA-C8-A12V-DX1_xmin11056_ymin54401_MPP-0.2500+71[0010].png,3526,4311,7948,4377,1569,215,5027,5207,3000,7694,8,8,8,7,7,6,6,6,5,5
TCGA-C8-A12V-DX1_xmin11056_ymin54401_MPP-0.2500+85[0010].png,2686,6045,958,4072,7835,1696,124,4311,1813,6321,10,9,8,7,7,6,6,6,6,6
TCGA-C8-A12V-DX1_xmin11056_ymin54401_MPP-0.2500+87[0010].png,958,6226,7899,8101,5038,3526,6321,7337,4377,390,10,8,6,6,6,6,6,5,5,5
TCGA-C8-A1HJ-DX1_xmin46412_ymin17174_MPP-0.2500+103[0010].png,267,5428,2226,3836,3030,2870,2308,5999,4725,4376,6,5,5,5,4,4,4,4,4,4
TCGA-C8-A1HJ-DX1_xmin46412_ymin17174_MPP-0.2500+104[0010].png,7091,1813,6795,3088,6045,3230,4072,6321,1977,5098,6,6,5,5,4,4,4,4,4,4
TCGA-C8-A1HJ-DX1_xmin46412_ymin17174_MPP-0.2500+105[0010].png,2666,6321,3889,8013,4711,778,1813,1235,2717,7880,5,5,5,5,5,4,4,4,4,4
TCGA-C8-A1HJ-DX1_xmin46412_ymin17174_MPP-0.2500+10[0010].png,144,5912,7808,7835,4322,3126,4436,6931,6691,2278,6,5,5,5,5,4,4,4,4,4
TCGA-C8-A1HJ-DX1_xmin46412_ymin17174_MPP-0.2500+20[0010].png,7694,7880,6226,390,2308,1911,5937,2226,3088,688,8,7,6,6,5,5,5,5,5,5
TCGA-C8-A1HJ-DX1_xmin46412_ymin17174_MPP-0.2500+21[0010].png,2686,3619,7804,5741,6702,2308,4322,1297,5428,6795,7,6,5,5,5,5,4,4,4,4
TCGA-C8-A1HJ-DX1_xmin46412_ymin17174_MPP-0.2500+31[0010].png,2686,840,256,5862,5023,2666,6045,8013,7835,7808,7,6,6,5,5,5,5,5,5,4
TCGA-C8-A1HJ-DX1_xmin46412_ymin17174_MPP-0.2500+32[0010].png,2308,3088,8013,7337,778,1813,4311,582,2226,3908,8,6,6,6,5,5,5,4,4,4
TCGA-C8-A1HJ-DX1_xmin46412_ymin17174_MPP-0.2500+42[0010].png,2686,4311,3526,4817,4436,4080,5686,632,4259,4072,6,6,6,5,5,5,4,4,4,4
TCGA-C8-A1HJ-DX1_xmin46412_ymin17174_MPP-0.2500+64[0010].png,2308,215,3088,5834,958,1911,840,4436,4100,3230,9,5,5,5,5,5,5,5,5,4
TCGA-C8-A1HJ-DX1_xmin46412_ymin17174_MPP-0.2500+74[0010].png,836,5065,8101,3088,2903,4968,390,6226,2885,1905,6,6,6,5,4,4,4,4,4,4
TCGA-C8-A1HJ-DX1_xmin46412_ymin17174_MPP-0.2500+84[0010].png,840,7948,4711,1203,5937,3836,7875,7007,3189,6045,5,5,5,5,4,4,4,4,4,4
TCGA-C8-A1HJ-DX1_xmin46412_ymin17174_MPP-0.2500+85[0010].png,1813,1476,4072,958,4436,7360,7189,1571,5424,4947,8,6,6,5,5,4,4,4,4,4
TCGA-C8-A1HJ-DX1_xmin46412_ymin17174_MPP-0.2500+94[0010].png,4711,2686,4072,7189,1813,4436,1869,7694,2028,4642,5,5,5,4,4,4,4,4,4,4
TCGA-C8-A1HJ-DX1_xmin46412_ymin17174_MPP-0.2500+9[0010].png,1652,8165,3044,3088,5603,4311,3526,7189,778,935,8,6,6,6,5,5,5,5,4,4
TCGA-C8-A26X-DX1_xmin8990_ymin27544_MPP-0.2500+11[0010].png,7835,390,1992,5419,4322,6045,4559,4492,1297,131,8,6,6,6,6,6,5,5,5,4
TCGA-C8-A26X-DX1_xmin8990_ymin27544_MPP-0.2500+12[0010].png,7835,4322,6795,5937,3026,2531,5038,7694,6045,3477,12,7,6,6,6,6,6,5,5,5
TCGA-C8-A26X-DX1_xmin8990_ymin27544_MPP-0.2500+13[0010].png,7835,4322,5862,3619,8188,5419,1682,2083,7162,3088,8,7,7,7,6,5,5,5,4,4
TCGA-C8-A26X-DX1_xmin8990_ymin27544_MPP-0.2500+14[0010].png,2903,7807,4524,390,7808,7835,2531,7694,5862,5872,7,7,7,6,6,6,5,5,5,4
TCGA-C8-A26X-DX1_xmin8990_ymin27544_MPP-0.2500+19[0010].png,7835,5419,1992,1813,5862,3026,958,2531,5910,5039,7,6,6,6,5,5,5,4,4,4
TCGA-C8-A26X-DX1_xmin8990_ymin27544_MPP-0.2500+20[0010].png,5762,1767,8013,6724,4322,4492,1813,5912,2493,1992,6,6,5,5,4,4,4,4,4,4
TCGA-C8-A26X-DX1_xmin8990_ymin27544_MPP-0.2500+21[0010].png,1655,6045,958,5151,6902,5912,516,7694,7695,7804,6,6,6,5,5,5,5,5,5,4
TCGA-C8-A26X-DX1_xmin8990_ymin27544_MPP-0.2500+24[0010].png,7835,6452,5038,1992,4711,2531,390,836,4524,3000,12,7,6,6,5,5,5,4,4,4
TCGA-C8-A26X-DX1_xmin8990_ymin27544_MPP-0.2500+30[0010].png,5419,3088,2127,215,3026,958,4711,4990,4259,2646,7,6,6,5,5,5,5,4,4,4
TCGA-C8-A26X-DX1_xmin8990_ymin27544_MPP-0.2500+31[0010].png,1992,3026,3088,7835,4524,7165,958,4711,6931,982,8,7,7,6,5,5,5,4,4,4
TCGA-C8-A26X-DX1_xmin8990_ymin27544_MPP-0.2500+32[0010].png,958,2226,4524,7835,4322,8013,836,3026,390,7134,8,7,6,6,5,5,5,5,5,4
TCGA-C8-A26X-DX1_xmin8990_ymin27544_MPP-0.2500+44[0010].png,958,3026,1992,840,3836,4322,778,7249,7694,3619,7,7,6,5,5,5,5,5,4,4
TCGA-C8-A26X-DX1_xmin8990_ymin27544_MPP-0.2500+45[0010].png,7835,8188,836,4377,2531,4711,840,1652,3526,3442,8,6,6,5,5,5,5,5,5,4
TCGA-C8-A26X-DX1_xmin8990_ymin27544_MPP-0.2500+46[0010].png,7835,7337,3026,840,8188,7091,3889,4322,2686,5038,8,6,6,5,5,5,5,5,4,4
TCGA-C8-A26X-DX1_xmin8990_ymin27544_MPP-0.2500+5[0010].png,5038,7835,6452,5419,1235,524,5937,5996,6054,7804,12,10,6,6,5,5,5,5,5,5
TCGA-C8-A26X-DX1_xmin8990_ymin27544_MPP-0.2500+60[0010].png,958,3026,4322,7808,1042,7189,817,5151,1767,6795,9,8,8,7,5,5,5,5,5,5
TCGA-C8-A26X-DX1_xmin8990_ymin27544_MPP-0.2500+61[0010].png,958,7694,4322,7149,7249,2531,8013,1992,4711,3026,8,7,7,5,5,5,5,5,5,5
TCGA-C8-A26X-DX1_xmin8990_ymin27544_MPP-0.2500+62[0010].png,5872,3026,1992,4322,7804,7835,6795,6724,131,7189,7,6,6,6,6,6,5,5,5,5
TCGA-C8-A26X-DX1_xmin8990_ymin27544_MPP-0.2500+77[0010].png,3026,6045,7808,7028,8013,5912,2531,7442,7119,7835,11,7,6,5,5,5,5,5,5,5
TCGA-C8-A26Y-DX1_xmin29748_ymin36769_MPP-0.2500+60[0010].png,6045,4524,3026,215,7835,5419,6452,1586,3296,7694,10,9,9,6,6,5,5,5,5,5
TCGA-C8-A26Y-DX1_xmin29748_ymin36769_MPP-0.2500+61[0010].png,1652,7835,3296,3477,3619,958,5780,3026,1476,8013,8,8,7,7,5,5,5,5,5,5
TCGA-C8-A26Y-DX1_xmin29748_ymin36769_MPP-0.2500+66[0010].png,7835,7694,7337,5741,6452,1842,6045,3026,6795,6321,9,8,5,5,5,5,5,5,5,5
TCGA-C8-A26Y-DX1_xmin29748_ymin36769_MPP-0.2500+67[0010].png,6045,7835,7694,4322,4524,2308,958,2686,4143,582,8,7,6,6,5,5,5,5,5,5
TCGA-C8-A26Y-DX1_xmin29748_ymin36769_MPP-0.2500+68[0010].png,6795,5862,2308,7835,5038,3088,1992,3044,6960,7091,9,8,7,7,6,6,6,5,5,5
TCGA-C8-A26Y-DX1_xmin29748_ymin36769_MPP-0.2500+73[0010].png,5419,6795,2308,1476,5038,7804,604,2226,3526,2249,8,8,8,7,7,6,5,5,5,5
TCGA-C8-A26Y-DX1_xmin29748_ymin36769_MPP-0.2500+74[0010].png,2903,7835,7804,4311,1813,4322,6795,3026,6452,7695,9,8,6,6,6,5,5,5,5,5
TCGA-C8-A26Y-DX1_xmin29748_ymin36769_MPP-0.2500+75[0010].png,7835,6795,8013,1813,2308,3526,5419,6226,4968,582,11,8,7,6,6,5,5,5,5,5
TCGA-D8-A13Z-DX1_xmin30985_ymin49337_MPP-0.2500+268[0010].png,6321,4436,1813,2226,778,4817,1311,5937,7790,144,8,7,6,6,6,5,5,5,5,5
TCGA-D8-A13Z-DX1_xmin30985_ymin49337_MPP-0.2500+285[0010].png,7459,1813,5937,6511,7807,7808,7694,778,5912,4311,7,6,5,5,5,5,4,4,4,4
TCGA-D8-A13Z-DX1_xmin30985_ymin49337_MPP-0.2500+286[0010].png,958,6321,3619,2686,4436,4377,371,215,6724,1413,9,7,6,5,5,5,5,5,5,5
TCGA-D8-A13Z-DX1_xmin30985_ymin49337_MPP-0.2500+299[0010].png,6045,2226,7175,1813,778,3477,3209,168,3348,5741,8,7,7,6,6,5,5,5,4,4
TCGA-D8-A13Z-DX1_xmin30985_ymin49337_MPP-0.2500+300[0010].png,1813,3619,4143,7166,215,4436,3526,778,7091,5498,6,6,5,5,5,5,5,5,5,4
TCGA-D8-A13Z-DX1_xmin30985_ymin49337_MPP-0.2500+301[0010].png,2226,3127,5937,1813,7091,6588,390,1911,7249,1476,9,6,6,6,6,6,5,5,5,5
TCGA-D8-A13Z-DX1_xmin30985_ymin49337_MPP-0.2500+302[0010].png,215,778,2990,2140,6045,5741,7249,2226,2686,4001,7,7,6,6,6,6,5,5,5,5
TCGA-D8-A13Z-DX1_xmin30985_ymin49337_MPP-0.2500+303[0010].png,4480,2226,3088,4642,124,1813,6194,2686,7835,4436,7,5,5,5,5,5,5,5,5,5
TCGA-D8-A142-DX1_xmin62151_ymin41337_MPP-0.2500+531[0010].png,8013,216,1813,5937,7007,4068,6869,7899,1476,2226,8,6,5,5,5,5,4,4,4,4
TCGA-D8-A142-DX1_xmin62151_ymin41337_MPP-0.2500+532[0010].png,2226,6724,6045,7164,7808,7162,6022,7694,1652,5741,11,7,7,7,6,6,5,5,5,5
TCGA-D8-A142-DX1_xmin62151_ymin41337_MPP-0.2500+533[0010].png,8013,5741,215,582,7091,1813,1652,3889,2686,617,8,7,7,7,6,5,5,5,5,5
TCGA-D8-A142-DX1_xmin62151_ymin41337_MPP-0.2500+626[0010].png,6321,1654,7091,215,7249,1311,4311,390,6969,5912,7,7,6,6,5,5,5,5,5,5
TCGA-D8-A142-DX1_xmin62151_ymin41337_MPP-0.2500+627[0010].png,8013,1652,4311,6321,5038,4143,6869,5428,5937,5741,7,7,7,7,6,6,5,5,5,5
TCGA-D8-A142-DX1_xmin62151_ymin41337_MPP-0.2500+628[0010].png,215,1652,6869,2226,778,371,7804,2157,3836,5741,9,7,7,6,5,5,5,5,5,5
TCGA-D8-A142-DX1_xmin62151_ymin41337_MPP-0.2500+635[0010].png,5741,7835,216,2990,2226,3870,2140,4480,6045,594,8,7,6,6,6,6,6,6,5,5
TCGA-D8-A143-DX1_xmin52429_ymin19478_MPP-0.2500+435[0010].png,2226,958,1813,6795,215,4436,1652,7189,778,5038,12,9,7,7,7,7,7,6,6,5
TCGA-D8-A143-DX1_xmin52429_ymin19478_MPP-0.2500+437[0010].png,3127,2157,1652,1741,256,1813,4436,3088,6121,4492,6,6,6,6,6,5,5,5,5,5
TCGA-D8-A143-DX1_xmin52429_ymin19478_MPP-0.2500+455[0010].png,1813,2226,215,3030,7835,7804,7899,7694,6321,5428,11,9,8,7,7,7,7,6,6,5
TCGA-D8-A143-DX1_xmin52429_ymin19478_MPP-0.2500+456[0010].png,5038,2226,1652,7807,5912,5810,4377,7202,4311,3804,9,8,8,7,7,6,6,6,6,5
TCGA-D8-A143-DX1_xmin52429_ymin19478_MPP-0.2500+457[0010].png,3030,7804,2226,1813,5937,7835,1652,2686,5912,7808,8,7,7,7,7,7,6,6,5,5
TCGA-D8-A143-DX1_xmin52429_ymin19478_MPP-0.2500+474[0010].png,2226,3889,958,371,215,7835,778,7162,6795,319,9,6,6,6,6,5,5,5,5,5
TCGA-D8-A143-DX1_xmin52429_ymin19478_MPP-0.2500+475[0010].png,2226,215,958,1476,7804,1652,6724,1813,6321,7224,11,7,7,7,7,7,7,7,6,6
TCGA-D8-A143-DX1_xmin52429_ymin19478_MPP-0.2500+476[0010].png,6045,958,1652,1813,215,3908,5038,390,2226,5912,9,9,8,7,7,6,6,6,6,6
TCGA-D8-A143-DX1_xmin52429_ymin19478_MPP-0.2500+477[0010].png,1652,958,1813,8013,7835,5038,2226,3000,4711,6795,9,7,7,6,6,6,6,5,5,5
TCGA-D8-A143-DX1_xmin52429_ymin19478_MPP-0.2500+493[0010].png,5038,8013,1813,7835,2226,1652,5996,1476,7162,216,10,10,10,10,8,6,6,6,6,6
TCGA-D8-A143-DX1_xmin52429_ymin19478_MPP-0.2500+494[0010].png,8013,778,1476,5741,825,5038,7899,1652,256,1966,13,9,8,7,7,7,6,6,6,6
TCGA-D8-A143-DX1_xmin52429_ymin19478_MPP-0.2500+495[0010].png,1652,215,7835,5561,5038,6054,5741,216,4311,3030,9,9,7,6,6,6,5,5,5,5
TCGA-D8-A1JG-DX1_xmin15677_ymin69205_MPP-0.2500+100[0010].png,2990,390,778,2226,216,4311,5996,6121,215,7442,7,7,7,6,6,5,5,5,5,5
TCGA-D8-A1JG-DX1_xmin15677_ymin69205_MPP-0.2500+101[0010].png,4311,2990,958,6869,5561,7249,6045,582,3971,778,8,7,6,6,6,6,6,5,5,5
TCGA-D8-A1JG-DX1_xmin15677_ymin69205_MPP-0.2500+106[0010].png,2226,828,390,6795,3115,7694,1911,6054,216,6321,7,7,6,5,5,5,5,5,5,5
TCGA-D8-A1JG-DX1_xmin15677_ymin69205_MPP-0.2500+107[0010].png,7835,215,1476,958,331,2990,7442,6595,2308,5603,8,6,6,5,5,5,5,5,5,4
TCGA-D8-A1JG-DX1_xmin15677_ymin69205_MPP-0.2500+108[0010].png,7694,6045,144,1813,215,7948,1311,6321,7835,5912,8,7,6,6,6,6,5,5,5,5
TCGA-D8-A1JG-DX1_xmin15677_ymin69205_MPP-0.2500+10[0010].png,2226,44,215,1813,3626,4436,7694,8013,7835,5872,7,6,6,6,6,5,5,5,5,5
TCGA-D8-A1JG-DX1_xmin15677_ymin69205_MPP-0.2500+119[0010].png,215,1813,7835,1911,2686,958,5937,7899,6795,8013,11,9,8,6,6,6,5,5,5,5
TCGA-D8-A1JG-DX1_xmin15677_ymin69205_MPP-0.2500+11[0010].png,1813,2226,778,6321,3836,5937,6194,7694,144,256,9,9,7,6,5,5,5,5,4,4
TCGA-D8-A1JG-DX1_xmin15677_ymin69205_MPP-0.2500+120[0010].png,778,2226,6321,7249,4559,7819,1569,3889,2308,267,8,7,6,6,6,6,5,5,5,5
TCGA-D8-A1JG-DX1_xmin15677_ymin69205_MPP-0.2500+121[0010].png,1652,6969,7835,7189,1476,6326,8014,6619,6869,7819,8,6,6,5,5,5,5,4,4,4
TCGA-D8-A1JG-DX1_xmin15677_ymin69205_MPP-0.2500+122[0010].png,7249,4436,3619,4711,2226,6321,4377,5937,1652,1813,8,7,7,6,6,5,5,5,5,5
TCGA-D8-A1JG-DX1_xmin15677_ymin69205_MPP-0.2500+123[0010].png,6321,7948,7249,216,7442,215,2686,1652,6762,7819,8,6,6,6,6,6,5,5,5,5
TCGA-D8-A1JG-DX1_xmin15677_ymin69205_MPP-0.2500+12[0010].png,1813,2977,5428,1476,144,4559,1652,7854,7249,8013,6,5,5,5,5,5,5,4,4,4
TCGA-D8-A1JG-DX1_xmin15677_ymin69205_MPP-0.2500+13[0010].png,582,331,5912,215,725,778,6892,3526,3044,958,6,6,6,6,5,5,5,5,4,4
TCGA-D8-A1JG-DX1_xmin15677_ymin69205_MPP-0.2500+14[0010].png,216,6321,778,958,389,5912,3000,3926,2249,4376,8,6,5,5,5,5,5,4,4,4
TCGA-D8-A1JG-DX1_xmin15677_ymin69205_MPP-0.2500+15[0010].png,3526,1911,3209,7442,216,8014,6795,5610,7807,1813,7,5,5,5,5,5,4,4,4,4
TCGA-D8-A1JG-DX1_xmin15677_ymin69205_MPP-0.2500+16[0010].png,4311,216,6321,2043,5904,7899,215,6795,1813,6054,7,7,6,5,5,5,5,5,4,4
TCGA-D8-A1JG-DX1_xmin15677_ymin69205_MPP-0.2500+17[0010].png,6869,7442,5424,5937,5561,4376,4001,4311,2954,7459,7,6,6,6,5,5,5,5,5,5
TCGA-D8-A1JG-DX1_xmin15677_ymin69205_MPP-0.2500+18[0010].png,297,582,5741,958,6194,7819,216,6054,7948,1569,7,6,5,5,5,5,5,5,5,5
TCGA-D8-A1JG-DX1_xmin15677_ymin69205_MPP-0.2500+192[0010].png,2157,2226,5038,5428,2557,6892,215,6795,7189,4377,10,6,5,5,5,5,5,5,5,5
TCGA-D8-A1JG-DX1_xmin15677_ymin69205_MPP-0.2500+1[0010].png,4436,6321,582,1652,267,4072,5207,1813,2226,5433,8,8,6,6,6,6,5,5,5,5
TCGA-D8-A1JG-DX1_xmin15677_ymin69205_MPP-0.2500+20[0010].png,7835,1911,6795,3526,4311,7948,958,8013,2686,4436,9,6,6,6,6,5,5,5,5,5
TCGA-D8-A1JG-DX1_xmin15677_ymin69205_MPP-0.2500+21[0010].png,215,778,4068,6045,1911,2226,5937,1813,6869,3477,8,6,5,5,5,5,5,5,5,5
TCGA-D8-A1JG-DX1_xmin15677_ymin69205_MPP-0.2500+22[0010].png,4436,1911,2226,7819,6321,6869,7249,168,1652,215,7,7,7,7,6,6,6,5,5,5
TCGA-D8-A1JG-DX1_xmin15677_ymin69205_MPP-0.2500+25[0010].png,4377,2157,778,4711,3526,7819,1813,5428,256,6022,8,7,6,5,5,5,4,4,4,4
TCGA-D8-A1JG-DX1_xmin15677_ymin69205_MPP-0.2500+26[0010].png,958,7808,3477,7091,1652,215,5912,3971,8140,840,8,6,5,5,5,5,5,5,5,5
TCGA-D8-A1JG-DX1_xmin15677_ymin69205_MPP-0.2500+27[0010].png,2226,4376,8013,3030,7694,4436,1476,4377,1813,725,8,7,6,6,5,5,5,5,5,5
TCGA-D8-A1JG-DX1_xmin15677_ymin69205_MPP-0.2500+28[0010].png,6045,2990,4377,958,3836,6795,6121,1813,7528,2292,6,5,5,5,5,5,5,5,4,4
TCGA-D8-A1JG-DX1_xmin15677_ymin69205_MPP-0.2500+29[0010].png,4436,5912,8013,6869,7948,1652,216,1813,6762,726,8,7,7,6,6,5,5,5,5,5
TCGA-D8-A1JG-DX1_xmin15677_ymin69205_MPP-0.2500+2[0010].png,958,8013,5937,1813,2226,4911,6892,7224,5741,4436,6,6,6,5,5,5,5,4,4,4
TCGA-D8-A1JG-DX1_xmin15677_ymin69205_MPP-0.2500+30[0010].png,958,7337,6321,7459,4168,2686,8013,1476,1954,1133,9,6,6,5,5,5,5,5,5,5
TCGA-D8-A1JG-DX1_xmin15677_ymin69205_MPP-0.2500+31[0010].png,958,2686,912,7442,3981,4674,1373,7249,781,216,7,6,5,5,5,5,5,5,5,4
TCGA-D8-A1JG-DX1_xmin15677_ymin69205_MPP-0.2500+32[0010].png,7249,6795,3044,958,6194,4377,2083,2583,3971,1857,8,5,5,4,4,4,4,4,4,4
TCGA-D8-A1JG-DX1_xmin15677_ymin69205_MPP-0.2500+33[0010].png,1476,215,7694,6045,7152,3044,3971,3836,4311,453,6,6,6,6,5,5,5,5,5,5
TCGA-D8-A1JG-DX1_xmin15677_ymin69205_MPP-0.2500+34[0010].png,1813,5912,4711,4377,4436,2686,6054,6321,1811,7733,7,7,7,6,6,6,5,5,5,5
TCGA-D8-A1JG-DX1_xmin15677_ymin69205_MPP-0.2500+35[0010].png,6045,1476,1652,6869,4711,7249,2226,4436,3442,2359,7,6,5,5,5,5,5,5,4,4
TCGA-D8-A1JG-DX1_xmin15677_ymin69205_MPP-0.2500+36[0010].png,215,778,8013,6479,12,1911,7948,5507,6045,7091,9,6,5,5,5,5,5,5,5,5
TCGA-D8-A1JG-DX1_xmin15677_ymin69205_MPP-0.2500+38[0010].png,8013,5741,215,4377,216,3971,7647,6762,4559,1476,8,7,7,6,6,5,5,5,5,5
TCGA-D8-A1JG-DX1_xmin15677_ymin69205_MPP-0.2500+39[0010].png,7835,5741,7819,6045,2815,1813,12,215,4559,237,10,7,7,7,6,6,5,5,5,5
TCGA-D8-A1JG-DX1_xmin15677_ymin69205_MPP-0.2500+3[0010].png,216,6869,4436,840,3000,6194,7694,7808,5937,2990,6,6,6,5,5,5,5,5,5,4
TCGA-D8-A1JG-DX1_xmin15677_ymin69205_MPP-0.2500+40[0010].png,2226,7835,5996,7948,2990,7091,453,3889,6045,4377,10,8,7,6,6,5,5,5,5,5
TCGA-D8-A1JG-DX1_xmin15677_ymin69205_MPP-0.2500+41[0010].png,8013,215,1652,5937,2666,5912,2226,7459,5507,453,10,9,8,7,6,6,6,6,5,5
TCGA-D8-A1JG-DX1_xmin15677_ymin69205_MPP-0.2500+42[0010].png,215,1813,6190,256,3971,7835,5561,3477,840,6321,9,6,6,5,5,5,5,5,5,5
TCGA-D8-A1JG-DX1_xmin15677_ymin69205_MPP-0.2500+43[0010].png,3088,6894,6795,1813,7202,2226,4559,3619,5038,2493,8,6,6,6,5,5,5,5,5,5
TCGA-D8-A1JG-DX1_xmin15677_ymin69205_MPP-0.2500+44[0010].png,6121,958,1652,3209,4311,3030,6869,215,6226,2226,8,7,6,5,5,5,5,5,5,5
TCGA-D8-A1JG-DX1_xmin15677_ymin69205_MPP-0.2500+45[0010].png,5392,5937,3030,2226,216,4436,3889,2903,6869,7337,7,7,6,6,6,6,6,5,5,5
TCGA-D8-A1JG-DX1_xmin15677_ymin69205_MPP-0.2500+46[0010].png,778,2226,5717,3000,1652,5610,2815,215,216,6045,8,6,5,5,5,5,4,4,4,4
TCGA-D8-A1JG-DX1_xmin15677_ymin69205_MPP-0.2500+47[0010].png,3526,7162,958,6321,1813,3619,7708,7694,725,6121,5,5,5,5,5,5,5,5,5,4
TCGA-D8-A1JG-DX1_xmin15677_ymin69205_MPP-0.2500+48[0010].png,2226,778,6795,5937,6321,215,4436,7091,5235,7249,8,8,7,6,5,4,4,4,4,4
TCGA-D8-A1JG-DX1_xmin15677_ymin69205_MPP-0.2500+49[0010].png,216,2226,215,7899,7223,7016,6795,1311,7835,2990,7,7,6,5,5,5,5,4,4,4
TCGA-D8-A1JG-DX1_xmin15677_ymin69205_MPP-0.2500+4[0010].png,6321,778,4377,6045,5912,3971,332,7165,6226,4480,7,6,6,5,5,4,4,4,4,4
TCGA-D8-A1JG-DX1_xmin15677_ymin69205_MPP-0.2500+50[0010].png,2226,1813,216,7880,5428,5610,4436,1586,6931,7808,10,7,6,5,5,5,4,4,4,4
TCGA-D8-A1JG-DX1_xmin15677_ymin69205_MPP-0.2500+51[0010].png,4480,3127,216,7024,601,2359,7442,215,8014,8013,7,7,7,5,5,5,5,5,5,5
TCGA-D8-A1JG-DX1_xmin15677_ymin69205_MPP-0.2500+52[0010].png,7694,2686,6078,840,958,6795,8013,131,781,4311,7,7,6,6,6,6,5,5,5,5
TCGA-D8-A1JG-DX1_xmin15677_ymin69205_MPP-0.2500+53[0010].png,2686,215,2226,453,7028,6226,371,7249,4143,4559,7,6,6,5,5,5,5,5,5,5
TCGA-D8-A1JG-DX1_xmin15677_ymin69205_MPP-0.2500+54[0010].png,781,7249,1654,7162,7091,6724,2990,215,5039,7364,7,5,5,4,4,4,4,4,4,4
TCGA-D8-A1JG-DX1_xmin15677_ymin69205_MPP-0.2500+55[0010].png,4559,3030,2140,2226,8013,4480,371,5912,958,453,7,6,5,5,5,5,4,4,4,4
TCGA-D8-A1JG-DX1_xmin15677_ymin69205_MPP-0.2500+56[0010].png,6762,5912,5780,3030,6869,3044,2223,2226,4711,4072,6,6,5,5,4,4,4,4,4,4
TCGA-D8-A1JG-DX1_xmin15677_ymin69205_MPP-0.2500+57[0010].png,215,6226,582,778,5741,2686,1624,1813,4377,3626,7,6,6,6,5,5,5,5,5,5
TCGA-D8-A1JG-DX1_xmin15677_ymin69205_MPP-0.2500+5[0010].png,215,7442,7694,1569,958,4072,1042,3526,1373,7948,9,7,6,5,5,5,5,5,5,5
TCGA-D8-A1JG-DX1_xmin15677_ymin69205_MPP-0.2500+62[0010].png,2226,7091,7249,7442,3971,5027,1911,4947,3893,4911,7,7,6,6,6,6,5,5,5,5
TCGA-D8-A1JG-DX1_xmin15677_ymin69205_MPP-0.2500+63[0010].png,5038,1425,215,1476,7249,7853,5428,7442,5741,2990,6,6,6,6,5,5,5,5,4,4
TCGA-D8-A1JG-DX1_xmin15677_ymin69205_MPP-0.2500+64[0010].png,1652,6869,5428,5912,6217,2226,4746,3526,7835,5937,9,6,6,5,5,5,5,5,5,5
TCGA-D8-A1JG-DX1_xmin15677_ymin69205_MPP-0.2500+65[0010].png,7249,1652,5741,7819,1911,4001,215,6795,3127,4095,6,5,5,5,5,5,5,5,5,4
TCGA-D8-A1JG-DX1_xmin15677_ymin69205_MPP-0.2500+66[0010].png,1652,256,7249,6795,1476,237,4593,8013,7119,215,8,6,5,5,5,5,5,5,5,4
TCGA-D8-A1JG-DX1_xmin15677_ymin69205_MPP-0.2500+67[0010].png,2686,8013,1652,216,6321,5038,7819,2308,5937,7808,6,5,5,5,5,5,5,5,4,4
TCGA-D8-A1JG-DX1_xmin15677_ymin69205_MPP-0.2500+68[0010].png,215,3459,7899,4168,2226,3526,6795,7694,5937,3000,8,6,6,6,6,5,5,5,5,5
TCGA-D8-A1JG-DX1_xmin15677_ymin69205_MPP-0.2500+69[0010].png,237,1652,1813,5937,2226,5996,4436,256,3619,7948,6,6,6,5,5,5,5,5,5,5
TCGA-D8-A1JG-DX1_xmin15677_ymin69205_MPP-0.2500+6[0010].png,7835,7028,958,216,7091,5860,7459,3442,7249,3349,7,7,7,6,6,6,6,6,5,5
TCGA-D8-A1JG-DX1_xmin15677_ymin69205_MPP-0.2500+70[0010].png,2226,8013,4711,725,4436,3127,5741,5937,1654,1911,8,7,6,6,6,6,5,5,5,5
TCGA-D8-A1JG-DX1_xmin15677_ymin69205_MPP-0.2500+71[0010].png,1813,215,7091,1654,8013,3477,6045,2226,3501,778,8,7,7,7,7,6,6,5,5,5
TCGA-D8-A1JG-DX1_xmin15677_ymin69205_MPP-0.2500+72[0010].png,2686,7899,958,778,5937,1569,5780,7249,6045,2226,9,7,6,6,5,5,5,5,4,4
TCGA-D8-A1JG-DX1_xmin15677_ymin69205_MPP-0.2500+73[0010].png,6054,3088,390,1869,4377,7024,8014,2359,6045,2226,5,5,5,4,4,4,4,4,4,4
TCGA-D8-A1JG-DX1_xmin15677_ymin69205_MPP-0.2500+74[0010].png,3619,5428,5433,215,2249,6795,5912,3526,5996,2226,6,6,5,5,5,5,5,4,4,4
TCGA-D8-A1JG-DX1_xmin15677_ymin69205_MPP-0.2500+77[0010].png,1813,5428,4559,5741,3889,5996,2249,7869,4072,1311,12,5,5,5,4,4,4,4,4,4
TCGA-D8-A1JG-DX1_xmin15677_ymin69205_MPP-0.2500+78[0010].png,2226,7948,453,2919,725,1652,5937,7899,2194,5717,8,6,5,5,5,5,5,4,4,4
TCGA-D8-A1JG-DX1_xmin15677_ymin69205_MPP-0.2500+79[0010].png,6931,7819,2990,6869,7101,4559,6121,3030,144,4168,6,6,6,6,5,5,5,4,4,4
TCGA-D8-A1JG-DX1_xmin15677_ymin69205_MPP-0.2500+80[0010].png,7459,6054,781,4072,7768,2602,2557,1652,7249,7807,7,6,6,6,5,5,5,5,5,5
TCGA-D8-A1JG-DX1_xmin15677_ymin69205_MPP-0.2500+81[0010].png,1813,7808,2226,216,6321,3209,1911,958,4805,3526,7,6,5,5,5,5,5,5,4,4
TCGA-D8-A1JG-DX1_xmin15677_ymin69205_MPP-0.2500+90[0010].png,215,2686,7819,958,4377,1476,515,3971,5611,7459,11,8,7,7,7,6,6,5,5,5
TCGA-D8-A1JG-DX1_xmin15677_ymin69205_MPP-0.2500+91[0010].png,7835,4436,958,1813,5741,215,2990,5843,2903,5810,11,8,7,5,5,5,4,4,4,4
TCGA-D8-A1JG-DX1_xmin15677_ymin69205_MPP-0.2500+92[0010].png,7835,6795,6321,5741,4143,2686,1652,5912,582,215,7,7,6,6,5,5,5,5,4,4
TCGA-D8-A1JG-DX1_xmin15677_ymin69205_MPP-0.2500+93[0010].png,6045,216,215,5325,958,725,4559,3526,2419,7091,8,7,6,6,6,6,6,5,5,5
TCGA-D8-A1JG-DX1_xmin15677_ymin69205_MPP-0.2500+94[0010].png,8013,778,7249,5428,216,578,7835,3971,7808,1911,8,7,6,6,6,5,5,4,4,4
TCGA-D8-A1JG-DX1_xmin15677_ymin69205_MPP-0.2500+95[0010].png,1652,2226,5937,6711,4311,8013,6321,389,778,6194,8,6,5,5,4,4,4,4,4,4
TCGA-D8-A1JG-DX1_xmin15677_ymin69205_MPP-0.2500+96[0010].png,5937,8013,778,5996,5741,7948,1813,3088,216,4693,7,6,6,5,5,5,5,4,4,4
TCGA-D8-A1JG-DX1_xmin15677_ymin69205_MPP-0.2500+97[0010].png,6321,2226,1652,2990,216,1425,5912,6121,4436,5937,11,7,6,6,5,5,5,5,5,5
TCGA-D8-A1JG-DX1_xmin15677_ymin69205_MPP-0.2500+98[0010].png,7091,1652,1235,4143,6045,1813,2226,582,1911,4247,6,5,5,5,5,5,5,5,5,5
TCGA-D8-A1JG-DX1_xmin15677_ymin69205_MPP-0.2500+99[0010].png,778,215,1813,2226,5763,3619,2646,7694,912,1476,8,7,7,7,6,6,5,5,5,5
TCGA-D8-A1JG-DX1_xmin15677_ymin69205_MPP-0.2500+9[0010].png,4436,1813,215,7808,2226,8013,2686,3487,1624,553,8,8,6,5,5,5,5,4,4,4
TCGA-D8-A1JL-DX1_xmin39765_ymin24835_MPP-0.2500+190[0010].png,5763,6321,5428,3088,8013,6045,5937,1682,2226,7134,7,6,6,6,5,5,5,5,5,5
TCGA-D8-A1JL-DX1_xmin39765_ymin24835_MPP-0.2500+348[0010].png,3000,2990,4311,6121,3127,2493,6321,1911,2359,7674,6,6,6,5,5,5,5,5,4,4
TCGA-D8-A1JL-DX1_xmin39765_ymin24835_MPP-0.2500+379[0010].png,6321,7899,5741,2226,4711,8101,6795,594,3526,3675,8,8,6,6,5,5,5,5,4,4
TCGA-D8-A1JL-DX1_xmin39765_ymin24835_MPP-0.2500+380[0010].png,215,6795,5741,7249,5912,7189,693,8013,2226,389,8,7,7,7,6,5,5,5,5,4
TCGA-D8-A1JL-DX1_xmin39765_ymin24835_MPP-0.2500+395[0010].png,216,778,7337,2226,6045,7175,7808,1652,7694,4711,8,6,6,6,5,5,5,5,5,4
TCGA-D8-A1JL-DX1_xmin39765_ymin24835_MPP-0.2500+396[0010].png,2226,7694,5428,4311,5454,7835,390,1813,6045,6194,6,6,5,5,5,5,5,5,5,4
TCGA-D8-A1JL-DX1_xmin39765_ymin24835_MPP-0.2500+397[0010].png,3044,3000,2903,2157,3230,262,1813,7249,7549,5912,7,6,5,5,5,5,5,5,4,4
TCGA-D8-A1JL-DX1_xmin39765_ymin24835_MPP-0.2500+507[0010].png,7337,1911,7807,7189,6762,7164,5741,3619,2157,3477,7,6,6,5,5,5,5,5,5,5
TCGA-D8-A1JL-DX1_xmin39765_ymin24835_MPP-0.2500+508[0010].png,6321,6795,7249,7819,7024,4311,1042,2359,808,6054,7,6,6,6,5,5,5,5,5,5
TCGA-D8-A1JL-DX1_xmin39765_ymin24835_MPP-0.2500+509[0010].png,215,7835,4311,3000,4001,3088,7091,3127,7807,6795,7,6,6,6,6,5,5,5,5,5
TCGA-D8-A1JL-DX1_xmin39765_ymin24835_MPP-0.2500+524[0010].png,1813,3088,7224,6321,4711,6054,371,3526,5697,215,8,6,5,5,5,5,5,5,5,5
TCGA-D8-A1JL-DX1_xmin39765_ymin24835_MPP-0.2500+525[0010].png,7694,5038,1911,6321,2157,2666,6762,6795,4905,958,10,8,7,7,6,5,5,5,5,5
TCGA-D8-A1JL-DX1_xmin39765_ymin24835_MPP-0.2500+526[0010].png,7249,808,7162,1569,6321,2157,7337,2226,1654,2990,7,6,5,5,5,5,5,4,4,4
TCGA-D8-A1JL-DX1_xmin39765_ymin24835_MPP-0.2500+527[0010].png,958,6321,8013,3000,256,6795,2226,2686,836,4377,8,7,6,6,6,6,6,6,5,5
TCGA-D8-A1JL-DX1_xmin39765_ymin24835_MPP-0.2500+540[0010].png,216,7101,2493,3442,5428,5498,390,4436,4063,7835,7,6,6,6,6,6,5,5,5,5
TCGA-D8-A1JL-DX1_xmin39765_ymin24835_MPP-0.2500+541[0010].png,8013,6045,3209,215,3000,794,2557,371,5763,2157,7,7,6,6,6,5,5,5,5,5
TCGA-D8-A1JL-DX1_xmin39765_ymin24835_MPP-0.2500+542[0010].png,7835,6045,215,5433,5741,5799,4311,2990,216,3889,8,8,8,6,6,6,5,5,5,5
TCGA-D8-A1JL-DX1_xmin39765_ymin24835_MPP-0.2500+543[0010].png,7835,781,778,2226,7442,6045,6054,2990,2308,2157,8,7,6,6,6,5,5,5,5,5
TCGA-D8-A1JL-DX1_xmin39765_ymin24835_MPP-0.2500+544[0010].png,7442,778,7162,7808,4480,3893,7674,3127,2157,7591,6,6,6,6,5,5,5,5,5,5
TCGA-D8-A1JL-DX1_xmin39765_ymin24835_MPP-0.2500+557[0010].png,7835,4436,5912,3000,144,4001,2780,6724,256,8140,14,8,6,5,5,4,4,4,4,4
TCGA-D8-A1JL-DX1_xmin39765_ymin24835_MPP-0.2500+558[0010].png,7835,5937,216,6121,4311,840,1652,2990,2226,390,10,8,6,6,6,6,5,5,5,5
TCGA-D8-A1JL-DX1_xmin39765_ymin24835_MPP-0.2500+559[0010].png,7835,8013,7948,2359,2226,601,6054,516,8140,390,6,6,5,5,5,5,5,5,5,5
TCGA-D8-A1JL-DX1_xmin39765_ymin24835_MPP-0.2500+560[0010].png,7835,5912,5697,5428,6226,7360,6045,3626,5937,2249,8,7,7,6,6,6,6,5,5,5
TCGA-D8-A1JL-DX1_xmin39765_ymin24835_MPP-0.2500+576[0010].png,6045,2226,5912,7249,7835,7880,516,6226,6795,7224,7,7,6,6,6,5,5,5,5,5
TCGA-D8-A1JL-DX1_xmin39765_ymin24835_MPP-0.2500+72[0010].png,2226,3526,4001,6045,6321,3619,4480,237,3088,2990,7,6,5,5,5,5,5,5,4,4
TCGA-D8-A1JL-DX1_xmin39765_ymin24835_MPP-0.2500+87[0010].png,2226,215,1425,6795,1813,3526,7360,7808,5797,3870,7,6,6,6,5,5,5,5,5,5
TCGA-D8-A1XQ-DX1_xmin61261_ymin33317_MPP-0.2500+25[0010].png,6054,6678,4859,5717,3030,6795,5937,6956,8110,2493,6,5,5,5,4,4,4,4,4,4
TCGA-D8-A1XQ-DX1_xmin61261_ymin33317_MPP-0.2500+54[0010].png,1842,5780,4725,5611,7549,2021,7589,7899,2756,7853,5,5,4,4,4,4,4,4,4,4
TCGA-D8-A1XQ-DX1_xmin61261_ymin33317_MPP-0.2500+55[0010].png,7212,6856,2977,8091,5166,2635,7695,389,5780,53,4,4,4,4,4,4,4,4,4,3
TCGA-D8-A1XQ-DX1_xmin61261_ymin33317_MPP-0.2500+56[0010].png,5428,8066,1297,3296,3114,7808,2278,7880,2308,840,6,6,5,5,4,4,4,4,4,4
TCGA-D8-A27M-DX1_xmin54473_ymin16109_MPP-0.2500+166[0010].png,390,215,131,1652,2226,7835,4377,1813,7880,2157,12,9,7,7,7,6,6,6,6,6
TCGA-D8-A27M-DX1_xmin54473_ymin16109_MPP-0.2500+167[0010].png,2226,6321,1652,1741,7819,390,2903,215,2157,5561,9,7,7,6,6,6,6,6,6,6
TCGA-D8-A27M-DX1_xmin54473_ymin16109_MPP-0.2500+178[0010].png,215,6045,4143,6869,2226,1652,5038,390,2157,6931,8,7,6,6,6,6,6,6,6,6
TCGA-D8-A27M-DX1_xmin54473_ymin16109_MPP-0.2500+179[0010].png,215,5561,1813,2226,3526,5151,524,1652,390,6321,9,8,7,7,7,7,6,6,6,5
TCGA-D8-A27M-DX1_xmin54473_ymin16109_MPP-0.2500+180[0010].png,2157,215,1652,1813,390,2907,553,1836,2226,6869,14,12,8,7,6,6,5,5,5,5
TCGA-D8-A27M-DX1_xmin54473_ymin16109_MPP-0.2500+181[0010].png,215,390,5027,2226,7360,2907,3619,5498,5405,1813,9,8,7,7,6,6,5,5,5,5
TCGA-D8-A27M-DX1_xmin54473_ymin16109_MPP-0.2500+189[0010].png,215,1652,2226,6869,3088,2157,1311,390,3127,2907,11,9,7,7,7,6,6,6,6,6
TCGA-D8-A27M-DX1_xmin54473_ymin16109_MPP-0.2500+190[0010].png,958,256,2157,1652,390,5570,2308,7835,5996,3088,10,9,9,8,8,7,7,7,7,6
TCGA-D8-A27M-DX1_xmin54473_ymin16109_MPP-0.2500+191[0010].png,390,215,2308,7807,3804,4311,1911,2157,1813,7948,11,6,6,6,6,6,5,5,5,5
TCGA-D8-A27M-DX1_xmin54473_ymin16109_MPP-0.2500+192[0010].png,215,256,3044,4436,2157,6321,390,453,958,5027,9,8,7,7,6,6,6,6,6,6
TCGA-D8-A27M-DX1_xmin54473_ymin16109_MPP-0.2500+193[0010].png,7835,2907,215,5405,2602,958,4377,3619,4322,2226,10,7,7,7,6,6,6,5,5,5
TCGA-D8-A27M-DX1_xmin54473_ymin16109_MPP-0.2500+194[0010].png,390,215,7835,2990,5047,7249,5570,5405,7804,3527,7,7,6,6,6,5,5,5,5,5
TCGA-D8-A27M-DX1_xmin54473_ymin16109_MPP-0.2500+198[0010].png,390,215,3855,778,3088,6226,7835,1813,5151,4436,14,13,8,8,7,6,6,5,5,5
TCGA-D8-A27M-DX1_xmin54473_ymin16109_MPP-0.2500+199[0010].png,215,390,778,4311,2157,5047,5561,5570,958,5018,11,9,7,7,6,6,6,6,6,5
TCGA-D8-A27M-DX1_xmin54473_ymin16109_MPP-0.2500+200[0010].png,390,215,4259,3088,1652,7835,6054,1813,5151,7392,9,9,7,7,7,6,6,5,5,5
TCGA-D8-A27M-DX1_xmin54473_ymin16109_MPP-0.2500+201[0010].png,2226,1652,390,3088,2308,1682,4311,583,131,2907,8,7,7,7,6,6,5,5,5,4
TCGA-D8-A27M-DX1_xmin54473_ymin16109_MPP-0.2500+202[0010].png,390,8013,1652,5047,4377,319,7835,1813,6045,7134,9,7,6,6,6,5,5,5,5,5
TCGA-D8-A27M-DX1_xmin54473_ymin16109_MPP-0.2500+203[0010].png,215,1652,1813,7835,7880,3044,2226,6795,7501,7101,7,7,6,6,6,6,5,5,5,4
TCGA-D8-A27M-DX1_xmin54473_ymin16109_MPP-0.2500+205[0010].png,215,2907,390,6321,7835,4524,5038,5780,3088,2157,8,7,7,6,6,6,6,6,6,6
TCGA-D8-A27M-DX1_xmin54473_ymin16109_MPP-0.2500+207[0010].png,4436,1813,958,7835,215,778,3526,2226,5799,390,9,8,7,7,7,6,6,6,6,6
TCGA-D8-A27M-DX1_xmin54473_ymin16109_MPP-0.2500+208[0010].png,1652,390,1813,5912,215,2907,583,256,2157,7549,11,9,8,8,7,7,6,6,6,5
TCGA-D8-A27M-DX1_xmin54473_ymin16109_MPP-0.2500+210[0010].png,390,2157,6045,778,5038,5344,6795,2907,3870,3088,9,8,7,6,5,5,5,5,5,5
TCGA-D8-A27M-DX1_xmin54473_ymin16109_MPP-0.2500+211[0010].png,390,1813,7835,7501,1967,6479,215,4524,7819,4642,8,6,6,5,5,5,5,5,5,5
TCGA-E2-A1AZ-DX1_xmin50286_ymin17075_MPP-0.2500+63[0010].png,3889,2308,3088,3030,5098,2194,2666,3908,4311,7016,9,7,6,6,5,5,5,4,4,4
TCGA-E2-A1AZ-DX1_xmin50286_ymin17075_MPP-0.2500+74[0010].png,5912,7880,3889,7337,5098,778,215,6321,958,7899,8,6,5,5,5,4,4,4,4,4
TCGA-E2-A1AZ-DX1_xmin50286_ymin17075_MPP-0.2500+86[0010].png,2308,5912,958,3189,2226,9,2990,5023,6321,215,6,6,5,5,5,5,5,5,5,5
TCGA-E2-A1AZ-DX1_xmin50286_ymin17075_MPP-0.2500+97[0010].png,1813,389,8081,6263,6321,3526,3044,5098,2221,6795,6,5,5,5,5,5,5,4,4,4
TCGA-E2-A1B6-DX1_xmin16266_ymin50634_MPP-0.2500+16[0010].png,6795,1652,6121,237,2815,5392,3626,2226,7694,6869,8,6,5,5,5,5,5,4,4,4
TCGA-E2-A1B6-DX1_xmin16266_ymin50634_MPP-0.2500+24[0010].png,6045,5937,5428,594,6795,3209,1813,1476,4311,2226,8,7,5,5,5,5,5,4,4,4
TCGA-E2-A1B6-DX1_xmin16266_ymin50634_MPP-0.2500+34[0010].png,4559,2226,2990,8013,5912,1476,778,7175,2557,352,7,7,5,5,5,5,4,4,4,4
TCGA-E2-A1B6-DX1_xmin16266_ymin50634_MPP-0.2500+47[0010].png,3088,5912,215,958,5428,7119,7152,4377,4068,7175,7,6,6,6,5,4,4,4,4,4
TCGA-E2-A1B6-DX1_xmin16266_ymin50634_MPP-0.2500+48[0010].png,2226,6045,1652,2359,4398,6321,5433,4436,7091,2249,7,6,6,5,5,5,5,5,5,5
TCGA-E2-A1B6-DX1_xmin16266_ymin50634_MPP-0.2500+60[0010].png,6321,3527,7899,3209,1476,958,7695,582,3088,5561,6,5,5,5,5,5,5,4,4,4
TCGA-E2-A1B6-DX1_xmin16266_ymin50634_MPP-0.2500+61[0010].png,1813,215,4559,958,6045,4311,5433,3836,2140,6966,10,7,7,7,6,6,5,5,5,4
TCGA-E2-A1B6-DX1_xmin16266_ymin50634_MPP-0.2500+62[0010].png,5937,2308,2226,958,4436,6321,7835,5428,216,6045,9,7,7,6,6,6,5,5,5,5
TCGA-E2-A1B6-DX1_xmin16266_ymin50634_MPP-0.2500+77[0010].png,2308,6321,6795,3044,1813,7880,4131,5428,5094,2226,8,7,7,5,5,5,5,5,5,5
TCGA-E2-A1B6-DX1_xmin16266_ymin50634_MPP-0.2500+78[0010].png,4436,2226,958,4817,1476,3889,6678,215,1911,371,7,6,6,6,5,5,5,5,5,4
TCGA-E2-A1B6-DX1_xmin16266_ymin50634_MPP-0.2500+9[0010].png,958,2226,6795,6045,8013,5741,778,7303,6194,7165,7,6,6,5,5,5,5,4,4,4
