token_id,count,is_dominant
7835,2851,True
2226,2717,False
215,2557,False
1652,2516,False
1813,2241,False
6045,2176,False
958,2170,False
6795,2014,False
8013,1983,False
390,1958,False
6321,1918,False
3088,1871,False
5038,1868,False
2308,1783,False
5912,1725,False
778,1688,False
4436,1680,False
3526,1641,False
7249,1616,False
5937,1611,False
7694,1603,False
1476,1588,False
5741,1564,False
4311,1554,False
3889,1512,False
4322,1507,False
7808,1483,False
3619,1441,False
5428,1422,False
7091,1394,False
6869,1375,False
7804,1368,False
4711,1342,False
7899,1338,False
6054,1316,False
216,1315,False
2990,1314,False
3030,1308,False
5561,1301,False
1911,1298,False
2903,1292,False
6226,1284,False
4524,1270,False
2157,1268,False
3477,1263,False
7442,1247,False
2686,1242,False
3296,1228,False
3000,1223,False
4377,1221,False
8188,1199,False
7189,1162,False
5996,1135,False
1235,1134,False
144,1118,False
582,1118,False
781,1109,False
7807,1108,False
7337,1107,False
131,1106,False
5780,1096,False
5433,1089,False
2666,1085,False
3127,1069,False
5419,1065,False
6121,1061,False
4480,1056,False
1654,1056,False
7134,1053,False
516,1052,False
3044,1048,False
371,1047,False
3230,1047,False
237,1043,False
4143,1033,False
7119,1030,False
7880,1027,False
1992,1015,False
725,1003,False
840,999,False
3836,994,False
4817,973,False
3026,973,False
1767,972,False
1311,970,False
256,969,False
2278,966,False
7175,963,False
453,959,False
6194,958,False
3209,954,False
2531,954,False
5023,951,False
5392,950,False
1297,949,False
808,948,False
7948,941,False
6931,939,False
5018,937,False
1842,934,False
5862,933,False
7162,930,False
4559,927,False
4376,927,False
4001,915,False
2602,912,False
1373,908,False
2140,908,False
1682,907,False
2557,900,False
935,897,False
3626,892,False
1966,888,False
6724,887,False
5098,883,False
7360,882,False
4492,881,False
7024,872,False
4501,865,False
1413,862,False
836,856,False
5603,850,False
4259,848,False
2776,845,False
5697,833,True
4781,833,False
7674,832,False
5763,817,False
2292,815,False
389,814,False
5047,811,False
825,808,False
5027,806,False
7819,804,False
8148,802,False
8101,796,False
3442,795,False
1569,794,False
5810,792,False
5872,792,False
2028,787,False
8081,787,False
6678,783,False
5999,773,False
6452,764,True
553,760,False
7101,759,False
594,759,False
2083,758,False
6762,755,False
2249,753,False
331,753,False
4430,751,False
5717,750,False
267,747,False
297,746,False
8140,742,False
5151,739,False
6702,737,False
7149,737,False
2493,730,False
7165,725,False
2588,724,False
601,723,False
4725,720,False
7733,718,False
6908,717,False
6219,717,False
7869,716,False
794,715,False
332,715,False
1425,715,False
3971,708,False
2967,706,False
1624,703,False
5843,703,False
8014,701,False
1836,698,False
2650,689,False
515,688,False
3189,688,False
7695,687,False
4911,686,False
4080,686,False
4593,684,False
4968,681,False
7224,681,False
3475,681,False
7164,680,False
3459,679,False
828,672,False
898,668,False
2756,667,False
168,665,False
2359,663,False
44,662,False
6048,661,False
7223,660,False
3870,660,False
5039,659,False
693,657,False
2780,656,False
5065,655,False
5424,655,False
2356,654,False
2977,653,False
2646,653,False
319,652,False
8185,651,False
5799,650,False
8165,648,False
7853,648,False
4072,645,False
4642,645,False
6892,643,False
6192,641,False
1357,639,False
1586,639,False
4905,637,False
5762,636,False
2635,635,False
7357,631,False
145,631,False
6190,628,False
5207,628,False
7591,625,False
7089,625,False
124,622,False
6856,620,False
7540,620,False
632,619,False
5834,618,False
335,618,False
7501,618,False
5797,618,False
662,617,False
7647,615,False
3079,613,False
3908,613,False
6111,611,False
578,609,False
1312,607,False
6179,606,False
4100,605,False
4198,602,False
3893,601,False
6571,601,False
2336,600,False
7549,600,False
915,599,False
12,597,False
1042,597,False
8089,595,False
2411,595,False
5610,595,False
2194,590,False
7708,589,False
4965,589,False
7160,587,False
3126,586,False
5166,586,False
6999,582,False
3527,580,False
4168,578,False
6326,577,False
3021,574,False
3487,568,False
6814,567,False
7035,565,False
4410,565,False
4166,564,False
3855,564,False
4250,564,False
6979,562,False
697,561,False
7195,558,False
7916,557,False
5203,556,False
4068,556,False
5235,555,False
4131,554,False
4947,553,False
4533,552,False
3469,552,False
8091,550,False
5213,549,False
6905,548,False
982,547,False
2766,547,False
7152,547,False
1203,546,False
4247,546,False
5344,546,False
630,545,False
7202,545,False
8082,544,False
634,541,False
2870,540,False
6475,540,False
4150,538,False
276,537,False
4693,537,False
1869,537,False
5702,535,False
3501,535,False
1008,533,False
4602,530,False
7166,530,False
4160,529,False
9,524,False
2235,524,False
2815,524,False
7528,523,False
5194,514,False
2043,514,False
912,513,False
8110,513,False
6619,511,False
7222,511,False
3298,507,False
2717,507,False
4050,505,False
6480,505,False
2919,505,False
7738,505,False
3365,504,False
7450,504,False
3901,504,False
3858,503,False
6969,503,True
8066,503,False
262,502,False
5735,501,False
3861,500,False
2841,499,False
1696,498,False
839,497,False
5292,497,False
4112,497,False
3597,497,False
6157,497,False
5094,496,False
6588,496,False
6809,495,False
6657,495,False
7430,495,False
5325,494,False
7555,493,False
1905,493,False
3637,492,False
5163,489,False
600,487,False
4674,486,False
5611,486,False
1571,486,False
1001,484,False
2703,481,False
5498,481,False
604,480,False
5179,480,False
7016,479,False
1361,478,False
524,476,False
3342,475,False
5454,475,False
1811,474,False
6152,473,False
352,472,False
1655,472,False
7007,471,False
7565,471,False
1157,469,False
1977,468,False
8041,467,False
6227,467,False
2319,467,False
53,466,False
1508,466,False
2326,466,False
6022,466,False
4063,464,False
5133,463,False
2907,463,False
6960,463,False
2180,463,False
3823,462,False
6306,462,False
1463,461,False
7539,459,False
4990,458,False
2757,456,False
6088,455,False
4755,455,False
3938,454,False
1389,450,False
2034,450,False
4972,448,False
6628,447,False
6036,446,False
2794,446,False
6807,445,False
3804,443,False
1609,442,False
2917,441,False
6388,441,False
4625,441,False
7589,441,False
4251,440,False
7895,439,False
8073,439,False
7484,438,False
2477,437,False
6032,437,False
3247,437,False
3981,435,False
4775,434,False
1218,433,False
1298,433,False
1204,433,False
7392,432,False
5099,432,False
6711,432,False
186,431,False
6269,431,False
7604,430,False
4673,429,False
6595,428,False
5097,427,False
1322,427,False
1150,427,False
2127,426,False
6265,425,False
2644,425,False
1741,423,False
7698,421,False
3254,420,False
2405,420,False
6354,419,False
6479,419,False
1779,419,False
2265,418,False
6846,417,False
6264,416,False
3200,416,False
581,416,False
1115,415,False
6511,414,False
1845,413,False
6902,413,False
2018,412,False
2304,412,False
6652,412,False
2021,411,False
2801,410,False
2540,409,False
4999,409,False
4746,408,False
7001,407,False
7790,406,False
3115,406,False
7448,406,False
1833,405,False
7854,405,False
3176,404,False
1846,404,False
3438,404,False
130,403,False
3434,403,False
6966,403,False
5859,403,False
3678,402,False
5716,402,False
2812,402,False
7400,401,False
4261,401,False
1159,400,False
1613,399,False
4325,399,False
4859,398,False
4606,397,False
1460,397,False
6782,396,False
5973,395,False
4290,394,False
4284,394,False
2031,394,False
7612,392,False
1967,391,False
404,391,False
6217,391,False
6881,391,False
7957,391,False
1196,390,False
1897,390,False
34,390,False
4843,388,False
5947,388,False
3729,387,False
1280,386,False
3024,386,False
4369,385,False
3452,385,False
321,384,False
3346,383,False
722,383,False
6137,382,False
6894,381,False
3926,381,False
4691,381,False
380,380,False
4833,380,False
1857,380,False
2419,379,False
817,378,False
7032,377,False
1149,377,False
5682,377,False
7129,377,False
2029,375,False
6727,375,False
162,375,False
2062,375,False
7523,375,False
8016,374,False
2054,374,False
2691,373,False
1109,373,False
6291,369,False
6413,368,False
3349,368,False
4727,368,False
6808,367,False
972,367,False
583,367,False
7377,366,False
6263,366,False
5114,366,False
3869,365,False
7153,364,False
5718,364,False
6984,364,False
1169,363,False
5910,363,False
6956,363,False
6633,362,False
2197,362,False
4582,362,False
4205,362,False
7595,362,False
7026,362,False
6766,361,False
4199,361,False
7649,360,False
7093,359,False
4993,359,False
3082,358,False
2000,358,False
5842,357,False
1775,357,False
6720,356,False
4494,356,False
7427,355,False
7078,355,False
5526,352,False
3441,352,False
14,352,False
3144,351,False
3790,351,False
6655,351,False
2400,350,False
3207,350,False
6078,350,False
3728,349,False
1780,349,False
1716,349,False
830,348,False
5515,348,False
1025,348,False
5357,348,False
1021,348,False
6829,347,False
3586,347,False
466,346,False
4805,346,False
1506,346,False
8003,345,False
2488,344,False
2229,344,False
1270,344,False
3268,344,False
2223,343,False
686,342,False
6191,341,False
211,341,False
5541,341,False
6950,341,False
6919,340,False
7950,340,False
2257,339,False
2267,339,False
8144,339,False
3779,338,False
1954,338,False
4340,336,False
6502,336,False
6618,335,False
2115,335,False
5059,334,False
5904,334,False
2467,333,False
3329,332,False
3531,331,False
153,331,False
2306,331,False
2609,330,False
495,330,False
1026,330,False
5585,328,False
7265,328,False
1862,328,False
7212,327,False
2106,326,False
8126,325,False
2089,325,False
3192,325,False
4470,325,False
3841,324,False
6095,324,False
475,324,False
4116,323,False
2583,323,False
3961,322,False
4294,322,False
4240,321,False
384,321,False
6674,320,False
675,320,False
7317,319,False
3559,319,False
4270,319,False
5606,318,False
4604,318,False
5048,317,False
3065,317,False
347,316,False
4821,316,False
3187,315,False
3675,315,False
6521,315,False
4215,315,False
6830,315,False
5476,315,False
2957,314,False
6428,314,False
2751,314,False
6116,314,False
1063,313,False
8166,313,False
1794,313,False
3510,312,False
2529,311,False
2430,311,False
970,310,False
4043,310,False
7485,310,False
47,309,False
6744,309,False
1418,309,False
541,309,False
6491,309,False
4021,308,False
6376,308,False
3011,308,False
4774,307,False
5555,307,False
5101,307,False
1440,306,False
368,306,False
4293,305,False
7391,305,False
2469,305,False
5570,305,False
7028,305,False
3536,304,False
2299,304,False
5509,303,False
932,303,False
7408,302,False
3500,302,False
7828,302,False
2094,302,False
244,301,False
4811,301,False
1391,301,False
1367,301,False
2136,301,False
3466,301,False
7410,300,False
3099,300,False
4189,300,False
3625,299,False
688,298,False
6964,298,False
33,297,False
7750,297,False
7876,297,False
4977,297,False
6378,297,False
2685,296,False
927,296,False
254,296,False
1509,295,False
388,294,False
2876,293,False
7599,292,False
1252,292,False
5913,292,False
1356,292,False
5527,292,False
2890,291,False
1541,291,False
591,291,False
6623,290,False
5063,290,False
5686,290,False
6903,290,False
2482,290,False
2133,290,True
2486,289,False
1755,288,False
6222,288,False
4286,288,False
2476,287,False
6995,287,False
4597,286,False
7470,286,False
3093,286,False
2708,285,False
1525,285,False
3478,284,False
4278,284,False
3204,284,False
1679,284,False
1877,284,False
196,283,False
2198,283,False
7043,283,False
804,282,False
3243,282,False
7273,282,False
1384,281,False
3299,281,False
4193,280,False
3631,280,False
1089,279,False
3708,279,False
8000,279,False
4961,279,False
2699,279,False
4417,278,False
734,278,False
13,277,False
6221,277,False
6828,276,False
7389,276,False
4666,276,False
1932,276,False
1848,276,False
5259,276,False
5386,275,False
6509,275,False
6705,275,False
5106,275,False
7353,275,False
2375,274,False
5499,274,False
7261,274,False
8162,274,False
4685,274,False
3545,273,False
2709,273,False
5732,273,False
2770,273,False
5671,272,False
2144,272,False
4427,272,False
7721,272,False
4194,272,False
2768,272,False
650,271,False
5383,271,False
586,270,False
257,270,False
1094,270,False
1375,270,False
7459,270,False
69,270,False
5524,270,False
6393,269,False
3114,269,False
3555,269,False
2221,268,False
2774,268,False
3153,268,False
914,268,False
6430,268,False
5629,268,False
3472,267,False
5600,267,False
5007,267,False
617,264,False
8049,264,False
1761,263,False
3896,263,False
3055,263,False
6677,262,False
1840,262,False
2255,262,False
7824,262,False
4351,262,False
2542,262,False
510,261,False
7269,261,False
5477,261,False
2448,261,False
6841,261,False
7628,261,False
8037,260,False
831,260,False
2330,260,False
5701,260,False
5507,260,False
3986,259,False
7732,259,False
7963,259,False
2320,259,False
4243,259,False
2840,259,False
6801,257,False
3628,257,False
1975,257,False
2502,257,False
965,257,False
6563,257,False
2451,257,False
1544,256,False
2931,256,False
4398,256,False
3260,256,False
7875,255,False
4587,255,False
7941,255,False
6173,255,False
8076,254,False
1494,253,False
1479,253,False
3374,252,False
1554,252,False
4486,252,False
4637,252,False
3358,252,False
4155,252,False
4052,251,False
5532,251,False
2577,251,False
3029,251,False
6691,251,False
6650,251,False
550,251,False
2009,250,False
3482,250,False
7503,249,False
5754,249,False
102,249,False
1602,248,False
7482,248,False
685,248,False
6622,247,False
6842,247,False
2572,247,False
3849,247,False
5891,246,False
5673,246,False
5409,246,False
7005,246,False
7766,245,False
76,245,False
4979,245,False
872,245,False
4877,244,False
3151,244,False
6791,243,False
3951,243,False
4777,243,False
6871,243,False
7908,242,False
2527,242,False
851,242,False
2250,242,False
5405,242,False
1941,242,False
5854,242,False
7651,242,False
6011,241,False
2228,241,False
603,241,False
949,241,False
4439,240,False
7959,240,False
5873,240,False
1320,240,False
5635,239,False
322,239,False
4184,239,False
726,239,False
4190,239,False
1772,238,False
5388,238,False
4538,238,False
6420,238,False
7411,237,False
612,237,False
900,237,False
879,237,False
5253,236,False
2200,236,False
7334,236,False
2684,236,False
7657,236,False
3208,236,False
5301,236,False
2997,236,False
2101,235,False
7352,235,False
7243,235,False
4037,235,False
7367,235,False
735,235,False
482,234,False
7510,234,False
1631,234,False
1593,233,False
2998,233,False
182,233,False
5461,233,False
7038,232,False
6293,232,False
1194,232,False
2885,232,False
8061,232,False
1672,231,False
3801,231,False
7937,231,False
7962,231,False
2537,231,False
5946,231,False
2237,231,False
4336,230,False
7188,230,False
3584,230,False
1824,230,False
3978,230,False
773,229,False
3356,229,False
1417,228,False
4715,228,False
6754,228,False
3621,228,False
5226,228,False
4849,226,False
2012,226,False
5129,226,False
4447,225,False
988,225,False
6868,225,False
1126,225,False
1464,225,False
3684,225,False
4419,225,False
6615,224,False
7859,224,False
11,224,False
2093,224,False
4282,224,False
873,223,False
7954,223,False
7397,223,True
5249,223,False
3742,223,False
4468,223,False
3550,222,False
7419,222,False
4425,222,False
7627,222,False
1543,221,False
22,221,False
4629,221,False
6117,221,False
4466,221,False
1480,220,False
45,220,False
1098,220,False
933,220,False
487,220,False
4622,220,False
5661,220,False
4478,220,False
931,220,False
7709,219,False
3326,219,False
5177,219,False
4998,219,False
2965,219,False
6183,219,False
1189,218,False
1515,218,False
1132,218,False
7266,218,False
7409,217,False
3120,216,False
5367,216,False
5490,216,False
679,216,False
5170,215,False
6772,215,False
6610,215,False
6620,215,False
978,215,False
5450,215,False
7929,215,False
3032,215,False
3295,215,False
6424,215,False
2562,215,False
3131,214,False
588,214,False
4271,214,False
966,214,False
5992,214,False
5299,214,False
3220,213,False
4914,213,False
154,213,False
4333,213,False
926,212,False
7845,212,False
2835,212,False
3518,211,False
354,211,False
4928,211,False
1038,211,False
4633,211,False
6409,211,False
1785,211,False
6973,211,False
6375,211,False
468,211,False
4573,211,False
7327,211,False
7065,211,False
1034,210,False
1239,210,False
3199,210,False
6547,210,False
973,210,False
6394,210,False
4392,210,False
6003,210,False
5000,210,False
5120,210,False
4095,209,False
7324,209,False
2275,209,False
7743,209,False
4365,208,False
1979,208,False
4742,208,False
7260,207,False
2960,207,False
4498,207,False
4861,207,False
7303,207,False
6208,207,False
2846,206,False
6485,206,False
3769,206,False
3335,206,False
5118,206,False
4016,206,False
532,205,False
5708,205,False
6853,205,False
7999,205,False
566,205,False
6764,205,False
3414,205,False
418,205,False
6236,205,False
7666,205,False
3618,204,False
2085,204,False
4950,204,False
7764,204,False
5082,203,False
394,203,False
5302,203,False
2186,203,False
3177,203,False
6784,202,False
2970,202,False
2070,202,False
7146,202,False
4429,202,False
4522,202,False
7014,202,False
3795,202,False
1147,201,False
7465,201,False
833,201,False
6789,201,False
1133,201,False
4045,201,False
6602,201,False
4527,201,False
739,201,False
3433,200,False
3627,200,False
1445,200,False
6285,200,False
1277,200,False
6530,200,False
4762,199,False
4356,199,False
5860,199,False
8059,199,False
4254,199,False
497,198,False
2817,198,False
6344,197,False
5640,197,False
5632,197,False
3096,197,False
4546,197,False
5193,197,False
7586,196,False
4443,196,False
6100,196,False
477,196,False
6096,196,False
1802,195,False
1830,195,False
3832,195,False
7138,194,False
1350,194,False
5788,194,False
101,194,False
7335,194,False
1516,193,False
1591,193,False
126,193,False
7025,193,False
3904,193,False
976,193,False
546,193,False
4918,193,True
3661,193,False
320,192,False
464,192,False
6023,192,False
484,192,False
7739,192,False
7768,192,False
6849,192,False
2349,192,False
4499,192,False
5421,192,False
1124,192,False
2989,191,False
856,191,False
3835,191,False
1347,190,False
5277,190,False
7496,190,False
5599,190,False
8112,190,False
189,190,False
4996,190,False
3437,190,False
499,190,False
4548,190,False
6541,189,False
5650,189,False
1248,189,False
2293,189,False
5171,188,False
6536,188,False
6645,188,False
5636,188,False
4055,188,False
375,188,False
7759,188,False
1078,188,False
5627,188,False
6193,187,False
732,187,False
1179,187,False
7150,187,False
7568,187,False
5520,187,False
558,187,False
4108,187,False
3727,186,False
1088,186,False
6757,186,False
6446,186,False
4978,186,False
3125,185,False
6373,185,False
1549,185,False
901,185,False
3195,185,False
7241,185,False
3936,185,False
3640,185,False
2640,184,False
1069,184,False
2281,184,False
6512,184,False
6197,184,False
10,184,False
213,184,False
7182,183,False
4316,183,False
7753,183,False
5075,183,False
3565,183,False
5620,183,False
4122,182,False
2417,182,False
2550,182,False
1388,182,False
3050,182,False
1640,182,False
3838,181,False
3722,181,False
8136,181,False
5982,181,False
6029,181,False
1015,181,False
2325,180,False
8150,180,False
2943,180,False
6318,180,False
5009,180,False
3196,180,False
543,179,False
3094,179,False
7499,179,False
458,179,False
1355,179,False
3128,179,False
651,179,False
6955,179,False
4386,178,False
3817,178,False
3432,178,False
1730,178,False
1273,178,False
1242,178,False
1429,178,False
2700,177,False
2651,177,False
1351,177,False
2445,177,False
5100,177,False
6553,177,False
1472,177,False
2342,177,False
5472,177,False
7781,177,False
3489,176,False
7481,176,False
1822,176,False
4497,176,False
5971,176,False
7081,175,False
7390,175,False
78,175,False
7969,175,False
5529,175,False
2746,175,False
4085,175,False
6812,174,False
5896,174,False
2317,174,False
7085,174,False
3282,174,False
7219,174,False
5609,173,False
2983,173,False
3429,173,False
7834,173,False
1513,173,False
3373,173,False
4807,172,False
7542,172,False
7155,172,False
6242,172,False
7364,172,False
4034,172,False
3259,172,False
3198,172,False
6726,172,False
3888,172,False
7276,172,False
1499,171,False
4196,171,False
5932,171,False
3582,171,False
626,171,False
1922,170,False
2547,170,False
7416,170,False
5945,170,False
4364,169,False
5308,169,False
3025,169,False
3543,169,False
6357,169,False
6372,168,False
3416,168,False
4700,168,False
4390,168,False
1958,168,False
5278,168,False
4225,168,False
434,167,False
7412,167,False
7829,166,False
8008,166,False
6292,166,False
381,166,False
200,166,False
2630,166,False
4980,165,False
2754,165,False
2437,165,False
1995,165,False
3900,165,False
1947,165,False
4667,165,False
2510,165,False
7045,165,False
2973,165,False
3360,165,False
4517,165,False
8190,165,False
4474,165,False
4476,165,False
5938,165,False
4378,165,False
7648,165,False
7663,164,False
745,164,False
859,164,False
784,164,False
4572,164,False
3447,164,False
3865,164,False
5298,164,False
2423,164,False
7434,164,False
2999,164,False
4908,163,False
7683,163,False
5881,163,False
3323,163,False
7370,163,False
339,163,False
6658,163,False
2613,163,False
2927,163,False
1209,163,False
3892,162,False
6680,162,False
3702,162,False
5152,162,False
6673,162,False
561,162,False
6840,162,False
3734,162,False
624,161,False
6668,161,False
2504,161,False
3348,161,False
706,160,False
7275,160,False
5412,160,False
5806,160,False
2102,160,False
1860,160,False
2113,160,False
1101,160,False
6395,160,False
4230,160,False
4654,159,False
4141,159,False
3287,159,False
3215,159,False
3476,159,False
2084,159,False
296,158,False
5563,158,False
1949,158,False
3484,158,False
5186,158,False
769,158,False
2573,158,False
1236,158,False
5844,158,False
1777,158,False
6570,157,False
876,157,False
3404,157,False
2033,157,False
518,157,False
1539,157,False
7145,157,False
812,157,False
795,157,False
1103,157,False
4555,156,False
1324,156,False
2110,156,False
310,156,False
3223,156,False
5104,156,False
6798,156,False
994,156,False
1482,156,False
3881,156,False
279,155,False
513,155,False
3,155,False
4944,155,False
4846,155,False
2087,155,False
1790,155,False
7358,154,False
8170,154,False
3763,154,False
2291,154,False
4176,154,False
6758,154,False
1711,154,False
6578,154,False
5995,154,False
2035,154,False
109,154,False
2963,154,False
6833,154,False
3112,153,False
2384,153,False
2334,153,False
835,153,False
183,153,False
4423,153,False
5202,152,False
61,152,False
336,152,False
2184,152,False
5557,152,False
1705,152,False
2361,152,False
3674,152,False
6377,152,False
2335,151,False
1174,151,False
1461,151,False
4372,151,False
3802,151,False
5960,150,False
6274,150,False
3397,150,False
1991,150,False
5814,150,False
6215,150,False
8095,150,False
3514,150,False
8087,150,False
2913,149,False
3842,149,False
7251,149,False
6345,149,False
6728,149,False
5915,149,False
3105,149,False
498,148,False
2340,148,False
6940,148,False
4402,148,False
4651,148,False
6131,147,False
2303,147,False
304,147,False
3789,147,False
5593,147,False
1307,147,False
7076,147,False
5364,146,False
1807,146,False
5795,146,False
893,146,False
3654,146,False
7846,146,False
7716,146,False
4791,146,False
6704,146,False
7749,146,False
7621,145,False
1339,145,False
3457,145,False
691,145,False
2433,145,False
1916,144,False
7163,144,False
4401,144,False
294,144,False
1577,144,False
6367,144,False
2105,144,False
3417,144,False
5252,143,False
3386,143,False
2688,143,False
1633,143,False
1605,143,False
7557,143,False
3182,143,False
7583,143,False
7851,142,False
1470,142,False
6276,141,False
4841,141,False
4054,141,False
3110,141,False
1859,141,False
5141,141,False
150,141,False
1758,141,False
6797,141,False
1925,141,False
4504,140,False
2932,140,False
5506,140,False
1076,140,False
5096,140,False
963,140,False
4170,140,False
21,139,False
6817,139,False
3919,139,False
2954,139,False
6746,139,False
1030,139,False
496,139,False
925,139,False
421,139,False
3879,139,False
6442,139,False
5238,139,False
7551,139,False
4479,139,False
218,138,False
190,138,False
367,138,False
2541,138,False
3903,138,False
5583,138,False
1828,137,False
2420,137,False
5657,137,False
6738,137,False
5979,137,False
3905,137,False
7813,137,False
1081,137,False
5250,137,False
7881,136,False
7952,136,False
1275,136,False
7405,136,False
2053,136,False
2792,136,False
2627,136,False
4924,136,False
4060,136,False
1215,136,False
5142,136,False
6231,136,False
7140,136,False
5229,136,False
4434,135,False
5781,135,False
4288,135,False
1881,135,False
6237,135,False
3281,135,False
692,135,False
1067,134,False
3396,134,False
2887,134,False
4101,134,False
7839,134,False
4912,134,False
4280,134,False
5525,134,False
3629,134,False
1471,133,False
3750,133,False
643,133,False
2658,133,False
4585,133,False
4249,133,False
1990,132,False
5712,132,False
1635,132,False
7003,132,False
6897,132,False
6021,132,False
1611,131,False
5021,131,False
5871,131,False
7958,131,False
6803,131,False
1019,131,False
1301,131,False
2047,131,False
3839,131,False
1757,131,False
3810,131,False
2959,131,False
5976,130,False
6071,130,False
2424,130,False
7020,130,False
2450,130,False
5752,130,False
6799,130,False
492,130,False
6288,130,False
6716,130,False
6369,130,False
6346,130,False
5879,129,False
3613,129,False
4709,129,False
818,129,False
616,129,False
4783,129,False
5352,128,False
5853,128,False
4046,128,False
5838,128,False
1560,128,False
3508,128,False
1765,128,False
278,127,False
7671,127,False
6616,127,False
5678,127,False
6907,127,False
6141,127,False
746,126,False
1718,126,False
974,126,False
2458,126,False
1882,126,False
277,126,False
448,125,False
3248,125,False
2120,125,False
3928,125,False
2937,125,False
1912,125,False
2204,124,False
2697,124,False
411,124,False
3181,124,False
4309,124,False
6948,124,False
5410,124,False
3218,123,False
1764,123,False
1155,123,False
2170,123,False
52,123,False
1294,123,False
217,123,False
1901,123,False
4201,123,False
5592,123,False
5037,123,False
6320,122,False
1504,122,False
6463,122,False
7180,122,False
2462,122,False
6398,122,False
7659,122,False
8093,122,False
1287,121,False
5254,121,False
743,121,False
6770,121,False
7075,121,False
2040,120,False
3483,120,False
2788,120,False
6240,120,False
1791,120,False
5167,120,False
4213,120,False
1222,120,False
2259,120,False
867,120,False
1282,119,False
3036,119,False
7706,119,False
5431,119,False
750,119,False
7717,119,False
5935,119,False
1946,119,False
6843,119,False
1177,119,False
1372,119,False
1343,119,False
2643,118,False
779,118,False
4982,118,False
4093,118,False
3809,118,False
2383,118,False
7932,118,False
4061,118,False
2641,117,False
5267,117,False
3339,117,False
5672,117,False
4876,117,False
2745,117,False
1406,116,False
5031,116,False
4379,116,False
1733,116,False
4731,116,False
7018,116,False
7699,116,False
1584,115,False
1383,115,False
3275,115,False
6582,115,False
6330,115,False
1165,115,False
7897,115,False
6371,115,False
5185,115,False
1552,114,False
3770,114,False
6936,114,False
7927,114,False
6353,114,False
2042,114,False
1837,114,False
5601,114,False
3504,114,False
5426,114,False
1386,114,False
5440,114,False
5940,114,False
7259,114,False
7299,114,False
3991,114,False
7655,113,False
3388,113,False
880,113,False
903,113,False
1693,113,False
128,113,False
1687,112,False
7742,112,False
4017,112,False
6643,112,False
4067,112,False
2185,112,False
1049,112,False
1548,112,False
6721,112,False
5268,111,False
7388,111,False
155,111,False
6171,111,False
438,111,False
6053,111,False
1303,111,False
1616,111,False
1162,111,False
7118,111,False
5604,110,False
3694,110,False
5124,110,False
4688,110,False
3106,110,False
5669,110,False
6062,110,False
4195,110,False
7258,110,False
2271,110,False
5369,110,False
3091,110,False
2099,109,False
2202,109,False
2624,109,False
7494,109,False
992,109,False
960,109,False
6573,109,False
2199,109,False
1649,109,False
7253,109,False
598,109,False
1141,109,False
3964,108,False
1895,108,False
2661,108,False
1701,108,False
6917,108,False
7254,108,False
4424,108,False
3369,107,False
6765,107,False
7112,107,False
2843,107,False
3310,107,False
4779,107,False
7996,107,False
3516,106,False
6043,106,False
4577,106,False
1032,106,False
2495,106,False
400,106,False
377,106,False
986,106,False
6249,106,False
4301,105,False
6740,105,False
1551,105,False
2287,105,False
5423,105,False
7050,105,False
3585,105,False
713,105,False
6472,104,False
2683,104,False
1890,104,False
4366,104,False
302,104,False
7022,104,False
1876,104,False
485,104,False
4989,104,False
3633,103,False
647,103,False
1212,103,False
7769,103,False
6554,103,False
2509,103,False
2742,103,False
1233,103,False
6488,103,False
3402,103,False
2914,103,False
7944,102,False
4256,102,False
5631,102,False
6450,102,False
771,102,False
3812,102,False
3312,102,False
1931,102,False
1998,101,False
1725,101,False
6266,101,False
568,101,False
6947,101,False
1374,101,False
5497,100,False
7483,100,False
2587,100,False
4741,100,False
5751,100,False
1829,100,False
5689,100,False
4328,100,False
6874,100,False
1340,100,False
2900,100,False
439,100,False
5765,99,False
4330,99,False
1487,99,False
4570,99,False
6819,99,False
6780,99,False
5950,98,False
5821,98,False
5487,98,False
7492,98,False
6858,98,False
4560,98,False
3465,98,False
8051,98,False
4023,98,False
2820,97,False
358,97,False
8022,97,False
1732,97,False
1969,97,False
414,97,False
1952,97,False
7029,97,False
83,97,False
2129,97,False
5187,96,False
3883,96,False
5731,96,False
281,96,False
6565,96,False
7878,96,False
6508,96,False
2659,96,False
4632,96,False
3001,96,False
5572,96,False
5143,96,False
4487,96,False
5816,96,False
1408,96,False
3410,95,False
2877,95,False
1364,95,False
916,95,False
4984,95,False
4042,95,False
690,95,False
1627,95,False
1171,94,False
3450,94,False
1011,94,False
4448,94,False
181,94,False
8027,94,False
6924,94,False
5335,93,False
3092,93,False
751,93,False
8036,93,False
6972,93,False
2852,93,False
1719,93,False
7281,93,False
221,93,False
2490,93,False
7052,93,False
3154,92,False
3325,92,False
5234,92,False
3407,92,False
8047,92,False
2665,92,False
6220,92,False
1172,92,False
8132,92,False
1996,91,False
1639,91,False
1678,91,False
4139,91,False
4129,91,False
1950,91,False
7239,91,False
3345,91,False
5848,91,False
174,91,False
8191,91,False
3916,90,False
6953,90,False
2366,90,False
7670,90,False
2507,90,False
3623,90,False
8134,90,False
7961,90,False
7923,89,False
7821,89,False
5740,89,False
7582,89,False
8065,89,False
2219,89,False
2360,89,False
4344,89,False
1057,89,False
954,89,False
6257,89,False
6482,89,False
1016,89,False
6970,89,False
6634,89,False
7332,88,False
3387,88,False
1815,88,False
6289,88,False
5334,88,False
7870,88,False
3785,88,False
3048,88,False
5393,88,False
7967,88,False
3072,88,False
6396,88,False
3470,88,False
2736,88,False
4699,88,False
31,88,False
4234,87,False
7184,87,False
160,87,False
4898,87,False
3090,86,False
1396,86,False
1818,86,False
5289,86,False
3671,86,False
5417,86,False
6694,86,False
4285,86,False
5255,86,False
2387,86,False
5975,86,False
1562,86,False
3697,85,False
7309,85,False
7178,85,False
6030,85,False
4867,85,False
5042,85,False
6572,85,False
760,85,False
4380,85,False
6126,85,False
2883,85,False
6104,84,False
2749,84,False
6745,84,False
4594,84,False
4708,84,False
7997,84,False
4682,84,False
7325,84,False
2289,84,False
4162,84,False
7458,83,False
5923,83,False
6641,83,False
7883,83,False
5034,83,False
7509,83,False
8169,83,False
5025,83,False
5567,83,False
5200,83,False
4014,83,False
4126,83,False
5337,82,False
6848,82,False
2491,82,False
1416,82,False
4181,82,False
5782,82,False
3031,81,False
5407,81,False
5134,81,False
6342,81,False
5870,81,False
2241,81,False
5237,81,False
756,81,False
2784,81,False
7072,80,False
2716,80,False
7192,80,False
1547,80,False
2748,80,False
646,80,False
4789,80,False
4541,80,False
2479,80,False
6248,80,False
8127,79,False
3412,79,False
4237,79,False
5256,79,False
4649,79,False
2431,79,False
4208,79,False
4335,79,False
5553,79,False
261,79,False
6865,78,False
6381,78,False
5974,78,False
7270,78,False
6302,78,False
1841,78,False
5786,78,False
5468,78,False
1769,78,False
1229,77,False
770,77,False
2974,77,False
1251,77,False
6180,77,False
471,77,False
7799,77,False
1210,77,False
5494,77,False
4949,77,False
2459,76,False
5688,76,False
5271,76,False
7132,76,False
6038,76,False
1041,76,False
3657,76,False
4296,76,False
4981,76,False
6408,76,False
1883,76,False
1641,76,False
450,76,False
7172,75,False
821,75,False
629,75,False
5792,75,False
6639,75,False
942,75,False
1535,75,False
6584,75,False
6018,75,False
3600,75,False
2039,75,False
5205,75,False
3018,75,False
3784,75,False
3341,75,False
3138,75,False
7843,74,False
6880,74,False
7902,74,False
5175,74,False
2979,74,False
5172,74,False
1118,74,False
7578,74,False
4227,74,False
3161,74,False
1113,74,False
684,74,False
2220,74,False
1260,74,False
3515,74,False
6543,74,False
7420,73,False
3084,73,False
3087,73,False
2380,73,False
4532,73,False
5257,73,False
2050,73,False
7080,73,False
172,73,False
5338,73,False
2994,72,False
6178,72,False
1545,72,False
427,72,False
3942,72,False
569,72,False
3468,72,False
3686,71,False
6138,71,False
5898,71,False
4459,71,False
460,71,False
1402,71,False
3929,71,False
3615,71,False
7086,70,False
7117,70,False
5188,70,False
4942,70,False
6767,70,False
2480,70,False
2958,70,False
6460,70,False
5495,70,False
1532,70,False
349,70,False
3946,70,False
208,70,False
205,70,False
3754,70,False
5453,70,False
3529,70,False
1553,70,False
4915,69,False
7977,69,False
3755,69,False
2352,69,False
2787,69,False
8158,69,False
5269,69,False
6776,69,False
1310,69,False
4964,69,False
3920,69,False
552,69,False
2130,69,False
6959,69,False
6028,69,False
3752,68,False
2057,68,False
3251,68,False
4747,68,False
3523,68,False
2236,68,False
7460,68,False
4005,68,False
5985,68,False
1686,68,False
2786,68,False
7572,68,False
6314,68,False
826,67,False
2827,67,False
6431,67,False
2689,67,False
1244,67,False
866,67,False
96,67,False
3791,67,False
1939,67,False
4863,67,False
3887,67,False
4959,66,False
5103,66,False
4756,66,False
2636,66,False
3449,66,False
7751,66,False
1887,66,False
4799,65,False
8178,65,False
1980,65,False
7681,65,False
5415,65,False
1838,65,False
4471,65,False
2795,65,False
6519,65,False
907,64,False
7130,64,False
3330,64,False
4495,64,False
4689,64,False
6350,64,False
3699,64,True
6200,64,False
814,64,False
2836,64,False
5481,64,False
4971,63,False
6667,63,False
1422,63,False
4617,63,False
6419,63,False
5931,63,False
8163,63,False
2538,63,False
2103,63,False
4015,62,False
239,62,False
3872,62,False
3332,62,False
1278,62,False
4020,62,False
1594,62,False
7282,62,False
1863,62,False
7053,62,False
6825,62,False
969,62,False
2111,62,False
4496,62,False
5072,62,False
6374,61,False
6890,61,False
5911,61,False
5500,61,False
6335,61,False
2522,60,False
5355,60,False
7077,60,False
2128,60,False
3381,60,False
7329,60,False
4502,60,False
3679,59,False
3867,59,False
6012,59,False
7141,59,False
4630,59,False
1136,59,False
3089,59,False
3658,59,False
3086,59,False
2027,59,False
4730,59,False
6024,59,False
6168,58,False
58,58,False
6253,58,False
2460,58,False
2566,58,False
2011,58,False
4007,58,False
3768,58,False
7378,57,False
4672,57,False
3264,57,False
1944,57,False
5934,57,False
5772,57,False
4992,57,False
2847,57,False
5024,57,False
7915,57,False
1742,56,False
4636,56,False
5286,56,False
5586,56,False
1834,56,False
2078,56,False
2902,56,False
4337,56,False
5918,55,False
7836,55,False
865,55,False
590,55,False
3660,55,False
596,55,False
4516,54,False
1866,54,False
6437,54,False
7712,54,False
4451,54,False
4130,54,False
7913,54,False
4275,54,False
2173,54,False
6935,54,False
5432,54,False
8052,53,False
2905,53,False
4173,53,False
3957,53,False
1173,53,False
3758,53,False
4735,53,False
454,53,False
7220,52,False
5956,52,False
7735,52,False
1119,52,False
7767,52,False
2117,52,False
530,52,False
3939,52,False
3667,52,False
1130,52,False
3803,51,False
5242,51,False
426,50,False
2926,50,False
5876,50,False
7257,50,False
5004,50,False
1805,50,False
4148,50,False
5290,50,False
6186,50,False
1717,50,False
228,50,False
2206,50,False
6331,50,False
5598,49,False
6407,49,False
2403,49,False
148,49,False
2239,49,False
6252,49,False
4886,49,False
4819,49,False
6140,49,False
5855,49,False
2704,48,False
5330,48,False
5846,48,False
8063,48,False
1783,48,False
4761,48,False
1317,48,False
4879,47,False
4607,47,False
7074,47,False
4925,47,False
1933,47,False
4926,47,False
4646,47,False
5869,47,False
3701,47,False
1695,46,False
6621,46,False
2924,46,False
178,46,False
7776,46,False
7747,46,False
4844,46,False
5550,46,False
1667,46,False
5191,46,False
4211,45,False
4519,45,False
4383,45,False
1800,45,False
6338,45,False
6245,45,False
5199,45,False
4860,45,False
3988,45,False
6118,45,False
7451,45,False
6838,44,False
4900,44,False
3108,44,False
4084,44,False
1913,44,False
1186,44,False
6343,44,False
7066,44,False
941,44,False
4611,44,False
1661,44,False
1259,44,False
2279,44,False
1438,44,False
7831,43,False
447,43,False
5589,43,False
4721,43,False
3497,43,False
6046,43,False
7704,42,False
5744,42,False
1715,42,False
2465,42,False
6820,42,False
3648,42,False
2533,42,False
8017,42,False
5512,42,False
5116,42,False
3267,42,False
605,42,False
6832,41,False
6079,41,False
8141,41,False
1469,41,False
5145,41,False
62,41,False
7374,40,False
4066,40,False
119,40,False
5214,40,False
7838,40,False
6418,39,False
8167,39,False
798,39,False
2468,39,False
2966,39,False
3451,39,False
5411,39,False
4210,39,False
6069,39,False
521,39,False
3430,39,False
1455,39,False
3573,39,False
1752,39,False
4187,38,False
2769,38,False
1920,38,False
3481,38,False
7439,38,False
5121,38,False
4515,38,False
4407,38,False
5757,38,False
395,38,False
1744,38,False
2010,38,False
1409,37,False
3486,37,False
5638,37,False
5579,37,False
2369,37,False
3109,37,False
6332,37,False
4569,37,False
2045,37,False
4002,36,False
639,36,False
5549,36,False
8071,36,False
405,36,False
1993,36,False
891,36,False
4140,36,False
5321,36,False
864,36,False
6499,36,False
1208,36,False
6159,36,False
6614,36,False
6328,36,False
4874,35,False
1844,35,False
2597,35,False
7015,35,False
4645,35,False
2724,35,False
4737,35,False
4279,34,False
7558,34,False
4561,34,False
4452,34,False
6149,34,False
2642,33,False
1111,33,False
7848,33,False
1579,33,False
7319,33,False
6994,33,False
597,33,False
7487,33,False
2673,32,False
5279,32,False
610,32,False
1816,32,False
7098,32,False
4749,31,False
2252,31,False
4026,31,False
167,31,False
3830,31,False
7782,31,False
5327,31,False
1643,31,False
2487,31,False
2675,31,False
4219,30,False
1926,30,False
1053,30,False
3968,30,False
235,30,False
7802,30,False
1348,30,False
717,30,False
2872,30,False
7200,30,False
3424,29,False
6295,29,False
7619,29,False
5647,29,False
7402,29,False
4076,29,False
3757,29,False
19,29,False
1295,29,False
6957,29,False
38,28,False
6932,28,False
4157,28,False
2713,28,False
312,28,False
4266,28,False
6574,28,False
7036,28,False
4118,28,False
7679,28,False
4329,28,False
298,27,False
7296,27,False
5442,27,False
20,27,False
1102,27,False
4600,27,False
2412,27,False
372,27,False
4772,26,False
7976,26,False
4663,26,False
5074,26,False
3203,26,False
3331,26,False
4618,26,False
2634,26,False
2806,26,False
7715,26,False
3378,25,False
1704,25,False
4635,25,False
2176,25,False
2410,25,False
170,25,False
2626,25,False
2619,25,False
1325,25,False
4334,25,False
7372,25,False
258,25,False
729,25,False
537,25,False
6625,24,False
7006,24,False
27,24,False
1754,24,False
7811,24,False
4576,24,False
2710,24,False
8094,24,False
360,24,False
923,23,False
4797,23,False
5095,23,False
1284,23,False
801,23,False
1423,23,False
2940,23,False
7064,23,False
4450,23,False
2528,23,False
3145,23,False
4634,23,False
6039,23,False
6025,23,False
2475,23,False
7351,23,False
813,23,False
2401,22,False
6020,22,False
7301,22,False
7763,22,False
7554,22,False
2726,22,False
1749,22,False
2760,22,False
3124,22,False
3719,22,False
2447,22,False
3884,21,False
1308,21,False
8147,21,False
2991,21,False
5329,21,False
2799,21,False
1201,21,False
6464,21,False
7734,21,False
7207,21,False
1621,21,False
3382,21,False
633,21,False
8050,20,False
4358,20,False
6091,20,False
6627,20,False
1446,20,False
311,20,False
5817,20,False
4490,20,False
2426,19,False
3695,19,False
4836,19,False
2122,19,False
2305,18,False
5562,18,False
5785,18,False
5700,18,False
3569,18,False
1703,18,False
338,18,False
1714,18,False
437,18,False
7965,17,False
4814,17,False
5413,17,False
2474,17,False
4481,17,False
7107,17,False
1128,17,False
6719,17,False
7193,17,False
4360,17,False
4235,16,False
5791,16,False
7940,16,False
2147,16,False
545,16,False
6606,16,False
5508,16,False
1276,16,False
4287,16,False
803,15,False
4159,15,False
4840,15,False
179,15,False
5174,15,False
1660,15,False
4274,14,False
7124,14,False
3132,14,False
6630,14,False
3846,14,False
3765,14,False
6922,14,False
824,14,False
6646,14,False
4768,14,False
1666,14,False
5737,14,False
7884,13,False
1300,13,False
432,13,False
1134,13,False
156,13,False
6167,13,False
2853,13,False
554,13,False
7206,13,False
7071,13,False
5523,13,False
5768,12,False
2834,12,False
5850,12,False
2873,12,False
5588,12,False
4440,11,False
7361,11,False
7307,11,False
4081,11,False
4326,11,False
7083,11,False
4102,11,False
198,11,False
7233,11,False
5217,11,False
1018,11,False
5030,11,False
3730,11,False
5511,11,False
5519,11,False
8120,11,False
3982,11,False
5441,11,False
5469,10,False
1792,10,False
6001,10,False
1424,10,False
4175,10,False
1868,10,False
5149,9,False
5404,9,False
8124,9,False
4641,9,False
3909,9,False
3940,9,False
3935,9,False
1568,9,False
6439,9,False
1565,9,False
7707,9,False
5020,9,False
763,9,False
3547,9,False
3807,9,False
2866,8,False
4866,8,False
5324,8,False
1495,8,False
5434,8,False
1596,8,False
7607,8,False
2698,8,False
7406,8,False
4428,8,False
5826,7,False
5617,7,False
3066,7,False
6366,7,False
3250,7,False
4075,7,False
4752,7,False
6862,7,False
1924,7,False
6214,7,False
7231,6,False
3608,6,False
3257,6,False
149,6,False
4566,6,False
6687,6,False
7795,6,False
946,6,False
6199,6,False
6108,6,False
5062,6,False
528,5,False
2333,5,False
3027,5,False
989,5,False
4941,5,False
4995,5,False
1934,5,False
5776,4,False
1014,4,False
3415,4,False
1362,3,False
7862,3,False
5144,3,False
6753,3,False
1170,3,False
1873,3,False
4809,3,False
7057,3,False
365,3,False
4556,2,False
1051,2,False
540,2,False
7689,2,False
3143,2,False
7286,2,False
6992,1,False
2048,1,False
6209,1,False
702,1,False
1306,1,False
4960,1,False
2109,1,False
3499,1,False
